Station_Name,Station_Latitude,Station_Longitude,Route_1,Route_2,Route_3,Route_4,Route_5,Route_6,Route_7,Route_8,Route_9,Route_10,Route_11
Ditmars Blvd,40.775036,-73.912034,N,Q,,,,,,,,,
Ditmars Blvd,40.775036,-73.912034,N,Q,,,,,,,,,
Ditmars Blvd,40.775036,-73.912034,N,Q,,,,,,,,,
Ditmars Blvd,40.775036,-73.912034,N,Q,,,,,,,,,
Astoria Blvd-Hoyt Av,40.770258,-73.917843,N,Q,,,,,,,,,
Astoria Blvd-Hoyt Av,40.770258,-73.917843,N,Q,,,,,,,,,
Astoria Blvd-Hoyt Av,40.770258,-73.917843,N,Q,,,,,,,,,
Astoria Blvd-Hoyt Av,40.770258,-73.917843,N,Q,,,,,,,,,
30 Av-Grand Av,40.766779,-73.921479,N,Q,,,,,,,,,
30 Av-Grand Av,40.766779,-73.921479,N,Q,,,,,,,,,
30 Av-Grand Av,40.766779,-73.921479,N,Q,,,,,,,,,
30 Av-Grand Av,40.766779,-73.921479,N,Q,,,,,,,,,
Broadway,40.76182,-73.925508,N,Q,,,,,,,,,
Broadway,40.76182,-73.925508,N,Q,,,,,,,,,
Broadway,40.76182,-73.925508,N,Q,,,,,,,,,
36 Av-Washington Av,40.756804,-73.929575,N,Q,,,,,,,,,
36 Av-Washington Av,40.756804,-73.929575,N,Q,,,,,,,,,
36 Av-Washington Av,40.756804,-73.929575,N,Q,,,,,,,,,
39 Av-Beebe Av,40.752882,-73.932755,N,Q,,,,,,,,,
39 Av-Beebe Av,40.752882,-73.932755,N,Q,,,,,,,,,
5th Av,40.764811,-73.973347,N,Q,R,,,,,,,,
5th Av,40.764811,-73.973347,N,Q,R,,,,,,,,
5th Av,40.764811,-73.973347,N,Q,R,,,,,,,,
5th Av,40.764811,-73.973347,N,Q,R,,,,,,,,
57th St,40.764664,-73.980658,N,Q,R,,,,,,,,
57th St,40.764664,-73.980658,N,Q,R,,,,,,,,
57th St,40.764664,-73.980658,N,Q,R,,,,,,,,
57th St,40.764664,-73.980658,N,Q,R,,,,,,,,
49th St,40.759901,-73.984139,N,Q,R,,,,,,,,
49th St,40.759901,-73.984139,N,Q,R,,,,,,,,
28th St,40.745494,-73.988691,N,R,,,,,,,,,
28th St,40.745494,-73.988691,N,R,,,,,,,,,
23rd St,40.741303,-73.989344,N,R,,,,,,,,,
23rd St,40.741303,-73.989344,N,R,,,,,,,,,
23rd St,40.741303,-73.989344,N,R,,,,,,,,,
23rd St,40.741303,-73.989344,N,R,,,,,,,,,
Union Square,40.735736,-73.990568,L,N,Q,R,4,5,6,,,,
8th St,40.730328,-73.992629,N,R,,,,,,,,,
8th St,40.730328,-73.992629,N,R,,,,,,,,,
Prince St,40.724329,-73.997702,N,R,,,,,,,,,
Prince St,40.724329,-73.997702,N,R,,,,,,,,,
City Hall,40.713282,-74.006978,R,,,,,,,,,,
City Hall,40.713282,-74.006978,R,,,,,,,,,,
City Hall,40.713282,-74.006978,R,,,,,,,,,,
Cortlandt St,40.710668,-74.011029,R,,,,,,,,,,
Cortlandt St,40.710668,-74.011029,R,,,,,,,,,,
Rector St,40.70722,-74.013342,R,,,,,,,,,,
Rector St,40.70722,-74.013342,R,,,,,,,,,,
Rector St,40.70722,-74.013342,R,,,,,,,,,,
Whitehall St,40.703087,-74.012994,R,1,,,,,,,,,
Whitehall St,40.703087,-74.012994,R,1,,,,,,,,,
Whitehall St,40.703087,-74.012994,R,1,,,,,,,,,
Lawrence St,40.69218,-73.985942,A,C,F,R,,,,,,,
Lawrence St,40.69218,-73.985942,A,C,F,R,,,,,,,
Lawrence St,40.69218,-73.985942,A,C,F,R,,,,,,,
Lawrence St,40.69218,-73.985942,A,C,F,R,,,,,,,
DeKalb Av,40.690635,-73.981824,B,Q,R,,,,,,,,
DeKalb Av,40.690635,-73.981824,B,Q,R,,,,,,,,
DeKalb Av,40.690635,-73.981824,B,Q,R,,,,,,,,
DeKalb Av,40.690635,-73.981824,B,Q,R,,,,,,,,
Atlantic Av-Barclays Ctr,40.683666,-73.97881,B,Q,D,N,R,2,3,4,5,,
Pacific St,40.683666,-73.97881,B,Q,D,N,R,2,3,4,5,,
Pacific St,40.683666,-73.97881,B,Q,D,N,R,2,3,4,5,,
Union St,40.677316,-73.98311,R,,,,,,,,,,
Union St,40.677316,-73.98311,R,,,,,,,,,,
Union St,40.677316,-73.98311,R,,,,,,,,,,
9th St,40.670847,-73.988302,F,G,R,,,,,,,,
Prospect Av,40.665414,-73.992872,R,,,,,,,,,,
Prospect Av,40.665414,-73.992872,R,,,,,,,,,,
25th St,40.660397,-73.998091,R,,,,,,,,,,
36th St,40.655144,-74.003549,N,R,,,,,,,,,
36th St,40.655144,-74.003549,N,R,,,,,,,,,
36th St,40.655144,-74.003549,N,R,,,,,,,,,
45th St,40.648939,-74.010006,R,,,,,,,,,,
45th St,40.648939,-74.010006,R,,,,,,,,,,
45th St,40.648939,-74.010006,R,,,,,,,,,,
45th St,40.648939,-74.010006,R,,,,,,,,,,
53rd St,40.645069,-74.014034,R,,,,,,,,,,
53rd St,40.645069,-74.014034,R,,,,,,,,,,
53rd St,40.645069,-74.014034,R,,,,,,,,,,
53rd St,40.645069,-74.014034,R,,,,,,,,,,
59th St,40.641362,-74.017881,N,R,,,,,,,,,
59th St,40.641362,-74.017881,N,R,,,,,,,,,
59th St,40.641362,-74.017881,N,R,,,,,,,,,
59th St,40.641362,-74.017881,N,R,,,,,,,,,
Bay Ridge Av,40.634967,-74.023377,R,,,,,,,,,,
Bay Ridge Av,40.634967,-74.023377,R,,,,,,,,,,
77th St,40.629742,-74.02551,R,,,,,,,,,,
77th St,40.629742,-74.02551,R,,,,,,,,,,
86th St,40.622687,-74.028398,R,,,,,,,,,,
86th St,40.622687,-74.028398,R,,,,,,,,,,
95th St,40.616622,-74.030876,R,,,,,,,,,,
95th St,40.616622,-74.030876,R,,,,,,,,,,
95th St,40.616622,-74.030876,R,,,,,,,,,,
7th Av,40.67705,-73.972367,B,Q,,,,,,,,,
7th Av,40.67705,-73.972367,B,Q,,,,,,,,,
Prospect Park,40.661614,-73.962246,B,Q,FS,,,,,,,,
Parkside Av,40.655292,-73.961495,B,Q,,,,,,,,,
Church Av,40.650527,-73.962982,B,Q,,,,,,,,,
Beverly Rd,40.644031,-73.964492,B,Q,,,,,,,,,
Cortelyou Rd,40.640927,-73.963891,B,Q,,,,,,,,,
Newkirk Av,40.635082,-73.962793,B,Q,,,,,,,,,
Av H,40.62927,-73.961639,B,Q,,,,,,,,,
Av J,40.625039,-73.960803,B,Q,,,,,,,,,
Av M,40.617618,-73.959399,B,Q,,,,,,,,,
Kings Highway,40.60867,-73.957734,B,Q,,,,,,,,,
Av U,40.5993,-73.955929,B,Q,,,,,,,,,
Neck Rd,40.595246,-73.955161,B,Q,,,,,,,,,
Sheepshead Bay,40.586896,-73.954155,B,Q,,,,,,,,,
Brighton Beach,40.577621,-73.961376,B,Q,,,,,,,,,
Brighton Beach,40.577621,-73.961376,B,Q,,,,,,,,,
Brighton Beach,40.577621,-73.961376,B,Q,,,,,,,,,
Brighton Beach,40.577621,-73.961376,B,Q,,,,,,,,,
Ocean Parkway,40.576312,-73.968501,Q,,,,,,,,,,
Ocean Parkway,40.576312,-73.968501,Q,,,,,,,,,,
Ocean Parkway,40.576312,-73.968501,Q,,,,,,,,,,
Ocean Parkway,40.576312,-73.968501,Q,,,,,,,,,,
West 8th St,40.576127,-73.975939,F,Q,,,,,,,,,
West 8th St,40.576127,-73.975939,F,Q,,,,,,,,,
Stillwell Av,40.577422,-73.981233,D,F,N,Q,,,,,,,
9th Av,40.646292,-73.994324,D,,,,,,,,,,
Fort Hamilton Parkway,40.640914,-73.994304,D,,,,,,,,,,
Fort Hamilton Parkway,40.640914,-73.994304,D,,,,,,,,,,
Fort Hamilton Parkway,40.640914,-73.994304,D,,,,,,,,,,
Fort Hamilton Parkway,40.640914,-73.994304,D,,,,,,,,,,
50th St,40.63626,-73.994791,D,,,,,,,,,,
50th St,40.63626,-73.994791,D,,,,,,,,,,
50th St,40.63626,-73.994791,D,,,,,,,,,,
50th St,40.63626,-73.994791,D,,,,,,,,,,
55th St,40.631435,-73.995476,D,,,,,,,,,,
55th St,40.631435,-73.995476,D,,,,,,,,,,
55th St,40.631435,-73.995476,D,,,,,,,,,,
71st St,40.619589,-73.998864,D,,,,,,,,,,
71st St,40.619589,-73.998864,D,,,,,,,,,,
71st St,40.619589,-73.998864,D,,,,,,,,,,
71st St,40.619589,-73.998864,D,,,,,,,,,,
79th St,40.613501,-74.00061,D,,,,,,,,,,
79th St,40.613501,-74.00061,D,,,,,,,,,,
18th Av,40.607954,-74.001736,D,,,,,,,,,,
18th Av,40.607954,-74.001736,D,,,,,,,,,,
18th Av,40.607954,-74.001736,D,,,,,,,,,,
20th Av,40.604556,-73.998168,D,,,,,,,,,,
20th Av,40.604556,-73.998168,D,,,,,,,,,,
20th Av,40.604556,-73.998168,D,,,,,,,,,,
20th Av,40.604556,-73.998168,D,,,,,,,,,,
Bay Parkway,40.601875,-73.993728,D,,,,,,,,,,
Bay Parkway,40.601875,-73.993728,D,,,,,,,,,,
Bay Parkway,40.601875,-73.993728,D,,,,,,,,,,
Bay Parkway,40.601875,-73.993728,D,,,,,,,,,,
25th Av,40.597704,-73.986829,D,,,,,,,,,,
25th Av,40.597704,-73.986829,D,,,,,,,,,,
25th Av,40.597704,-73.986829,D,,,,,,,,,,
25th Av,40.597704,-73.986829,D,,,,,,,,,,
Bay 50th St,40.588841,-73.983765,D,,,,,,,,,,
Bay 50th St,40.588841,-73.983765,D,,,,,,,,,,
Bay 50th St,40.588841,-73.983765,D,,,,,,,,,,
Bay 50th St,40.588841,-73.983765,D,,,,,,,,,,
8th Av,40.635064,-74.011719,N,,,,,,,,,,
Fort Hamilton Parkway,40.631386,-74.005351,N,,,,,,,,,,
New Utrecht Av,40.624842,-73.996353,D,N,,,,,,,,,
18th Av,40.620671,-73.990414,N,,,,,,,,,,
20th Av,40.61741,-73.985026,N,,,,,,,,,,
Bay Parkway-22nd Av,40.611815,-73.981848,N,,,,,,,,,,
Kings Highway,40.603923,-73.980353,N,,,,,,,,,,
Av U,40.597473,-73.979137,N,,,,,,,,,,
86th St,40.592721,-73.97823,N,,,,,,,,,,
121st St,40.700492,-73.828294,J,Z,,,,,,,,,
121st St,40.700492,-73.828294,J,Z,,,,,,,,,
111th St,40.697418,-73.836345,J,,,,,,,,,,
111th St,40.697418,-73.836345,J,,,,,,,,,,
104th St-102nd St,40.695178,-73.84433,J,Z,,,,,,,,,
104th St-102nd St,40.695178,-73.84433,J,Z,,,,,,,,,
Woodhaven Blvd,40.693879,-73.851576,J,Z,,,,,,,,,
Woodhaven Blvd,40.693879,-73.851576,J,Z,,,,,,,,,
Forest Parkway-85th St,40.692435,-73.86001,J,,,,,,,,,,
Forest Parkway-85th St,40.692435,-73.86001,J,,,,,,,,,,
Elderts Lane-75th St,40.691324,-73.867139,J,Z,,,,,,,,,
Elderts Lane-75th St,40.691324,-73.867139,J,Z,,,,,,,,,
Cypress Hills,40.689941,-73.87255,J,,,,,,,,,,
Cypress Hills,40.689941,-73.87255,J,,,,,,,,,,
Cypress Hills,40.689941,-73.87255,J,,,,,,,,,,
Crescent St,40.683194,-73.873785,J,Z,,,,,,,,,
Crescent St,40.683194,-73.873785,J,Z,,,,,,,,,
Norwood Av,40.68141,-73.880039,J,Z,,,,,,,,,
Norwood Av,40.68141,-73.880039,J,Z,,,,,,,,,
Cleveland St,40.679947,-73.884639,J,,,,,,,,,,
Cleveland St,40.679947,-73.884639,J,,,,,,,,,,
Van Siclen Av,40.678024,-73.891688,J,Z,,,,,,,,,
Van Siclen Av,40.678024,-73.891688,J,Z,,,,,,,,,
Alabama Av,40.676992,-73.898654,J,,,,,,,,,,
Alabama Av,40.676992,-73.898654,J,,,,,,,,,,
Chauncey St,40.682893,-73.910456,J,Z,,,,,,,,,
Chauncey St,40.682893,-73.910456,J,Z,,,,,,,,,
Halsey St,40.68637,-73.916559,J,,,,,,,,,,
Halsey St,40.68637,-73.916559,J,,,,,,,,,,
Gates Av,40.68963,-73.92227,J,Z,,,,,,,,,
Gates Av,40.68963,-73.92227,J,Z,,,,,,,,,
Kosciusko St,40.693342,-73.928814,J,,,,,,,,,,
Kosciusko St,40.693342,-73.928814,J,,,,,,,,,,
Myrtle Av,40.697207,-73.935657,J,M,Z,,,,,,,,
Myrtle Av,40.697207,-73.935657,J,M,Z,,,,,,,,
Flushing Av,40.70026,-73.941126,J,M,,,,,,,,,
Flushing Av,40.70026,-73.941126,J,M,,,,,,,,,
Flushing Av,40.70026,-73.941126,J,M,,,,,,,,,
Flushing Av,40.70026,-73.941126,J,M,,,,,,,,,
Lorimer St,40.703869,-73.947408,J,M,,,,,,,,,
Lorimer St,40.703869,-73.947408,J,M,,,,,,,,,
Hewes St,40.70687,-73.953431,J,M,,,,,,,,,
Hewes St,40.70687,-73.953431,J,M,,,,,,,,,
Marcy Av,40.708359,-73.957757,J,M,Z,,,,,,,,
Marcy Av,40.708359,-73.957757,J,M,Z,,,,,,,,
Marcy Av,40.708359,-73.957757,J,M,Z,,,,,,,,
Essex St,40.718315,-73.987437,F,J,M,Z,,,,,,,
Essex St,40.718315,-73.987437,F,J,M,Z,,,,,,,
Bowery,40.72028,-73.993915,J,Z,,,,,,,,,
Bowery,40.72028,-73.993915,J,Z,,,,,,,,,
Metropolitan Av,40.711396,-73.889601,M,,,,,,,,,,
Fresh Pond Rd,40.706186,-73.895877,M,,,,,,,,,,
Fresh Pond Rd,40.706186,-73.895877,M,,,,,,,,,,
Forest Av,40.704423,-73.903077,M,,,,,,,,,,
Forest Av,40.704423,-73.903077,M,,,,,,,,,,
Seneca Av,40.702762,-73.90774,M,,,,,,,,,,
Seneca Av,40.702762,-73.90774,M,,,,,,,,,,
Knickerbocker Av,40.698664,-73.919711,M,,,,,,,,,,
Knickerbocker Av,40.698664,-73.919711,M,,,,,,,,,,
Central Av,40.697857,-73.927397,M,,,,,,,,,,
Central Av,40.697857,-73.927397,M,,,,,,,,,,
8th Av,40.739777,-74.002578,A,C,E,L,,,,,,,
8th Av,40.739777,-74.002578,A,C,E,L,,,,,,,
3rd Av,40.732849,-73.986122,L,,,,,,,,,,
3rd Av,40.732849,-73.986122,L,,,,,,,,,,
1st Av,40.730953,-73.981628,L,,,,,,,,,,
1st Av,40.730953,-73.981628,L,,,,,,,,,,
Bedford Av,40.717304,-73.956872,L,,,,,,,,,,
Bedford Av,40.717304,-73.956872,L,,,,,,,,,,
Graham Av,40.714565,-73.944053,L,,,,,,,,,,
Graham Av,40.714565,-73.944053,L,,,,,,,,,,
Grand St,40.711926,-73.94067,L,,,,,,,,,,
Grand St,40.711926,-73.94067,L,,,,,,,,,,
Montrose Av,40.707739,-73.93985,L,,,,,,,,,,
Montrose Av,40.707739,-73.93985,L,,,,,,,,,,
Morgan Av,40.706152,-73.933147,L,,,,,,,,,,
Morgan Av,40.706152,-73.933147,L,,,,,,,,,,
Jefferson St,40.706607,-73.922913,L,,,,,,,,,,
Jefferson St,40.706607,-73.922913,L,,,,,,,,,,
Jefferson St,40.706607,-73.922913,L,,,,,,,,,,
Jefferson St,40.706607,-73.922913,L,,,,,,,,,,
DeKalb Av,40.703811,-73.918425,L,,,,,,,,,,
DeKalb Av,40.703811,-73.918425,L,,,,,,,,,,
DeKalb Av,40.703811,-73.918425,L,,,,,,,,,,
DeKalb Av,40.703811,-73.918425,L,,,,,,,,,,
Halsey St,40.695602,-73.904084,L,,,,,,,,,,
Halsey St,40.695602,-73.904084,L,,,,,,,,,,
Wilson Av,40.688764,-73.904046,L,,,,,,,,,,
Bushwick Av,40.682829,-73.905249,L,,,,,,,,,,
Atlantic Av,40.675345,-73.903097,L,,,,,,,,,,
Atlantic Av,40.675345,-73.903097,L,,,,,,,,,,
Atlantic Av,40.675345,-73.903097,L,,,,,,,,,,
Sutter Av,40.669367,-73.901975,L,,,,,,,,,,
Livonia Av,40.664038,-73.900571,L,,,,,,,,,,
New Lots Av,40.658733,-73.899232,L,,,,,,,,,,
East 105th St,40.650573,-73.899485,L,,,,,,,,,,
East 105th St,40.650573,-73.899485,L,,,,,,,,,,
Canarsie - Rockaway Parkway,40.646654,-73.90185,L,,,,,,,,,,
Canarsie - Rockaway Parkway,40.645757,-73.9025,L,,,,,,,,,,
Canarsie - Rockaway Parkway,40.645957,-73.901741,L,,,,,,,,,,
Franklin Av,40.680596,-73.955827,A,FS,,,,,,,,,
Park Place,40.674772,-73.957624,FS,,,,,,,,,,
Park Place,40.674772,-73.957624,FS,,,,,,,,,,
Botanic Gardens,40.670343,-73.959245,FS,2,3,4,5,,,,,,
Inwood - 207th St,40.868072,-73.919899,A,,,,,,,,,,
Inwood - 207th St,40.868072,-73.919899,A,,,,,,,,,,
Inwood - 207th St,40.868072,-73.919899,A,,,,,,,,,,
Inwood - 207th St,40.868072,-73.919899,A,,,,,,,,,,
Dyckman St-200th St,40.865491,-73.927271,A,,,,,,,,,,
Dyckman St-200th St,40.865491,-73.927271,A,,,,,,,,,,
Dyckman St-200th St,40.865491,-73.927271,A,,,,,,,,,,
190th St,40.859022,-73.93418,A,,,,,,,,,,
190th St,40.859022,-73.93418,A,,,,,,,,,,
181st St,40.851695,-73.937969,A,,,,,,,,,,
181st St,40.851695,-73.937969,A,,,,,,,,,,
175th St,40.847391,-73.939704,A,,,,,,,,,,
175th St,40.847391,-73.939704,A,,,,,,,,,,
175th St,40.847391,-73.939704,A,,,,,,,,,,
175th St,40.847391,-73.939704,A,,,,,,,,,,
175th St,40.847391,-73.939704,A,,,,,,,,,,
168th St - Washington Heights,40.840719,-73.939561,A,C,,,,,,,,,
163rd St - Amsterdam Av,40.836013,-73.939892,C,,,,,,,,,,
163rd St - Amsterdam Av,40.836013,-73.939892,C,,,,,,,,,,
163rd St - Amsterdam Av,40.836013,-73.939892,C,,,,,,,,,,
155th St,40.830518,-73.941514,C,,,,,,,,,,
155th St,40.830518,-73.941514,C,,,,,,,,,,
155th St,40.830518,-73.941514,C,,,,,,,,,,
155th St,40.830518,-73.941514,C,,,,,,,,,,
155th St,40.830518,-73.941514,C,,,,,,,,,,
155th St,40.830518,-73.941514,C,,,,,,,,,,
145th St,40.824783,-73.944216,A,B,C,D,,,,,,,
145th St,40.824783,-73.944216,A,B,C,D,,,,,,,
145th St,40.824783,-73.944216,A,B,C,D,,,,,,,
145th St,40.824783,-73.944216,A,B,C,D,,,,,,,
135th St,40.817894,-73.947649,B,C,,,,,,,,,
125th St,40.811109,-73.952343,A,B,C,D,,,,,,,
125th St,40.811109,-73.952343,A,B,C,D,,,,,,,
125th St,40.811109,-73.952343,A,B,C,D,,,,,,,
125th St,40.811109,-73.952343,A,B,C,D,,,,,,,
116th St,40.805085,-73.954882,B,C,,,,,,,,,
116th St,40.805085,-73.954882,B,C,,,,,,,,,
Cathedral Parkway-110th St,40.800605,-73.958158,B,C,,,,,,,,,
Cathedral Parkway-110th St,40.800605,-73.958158,B,C,,,,,,,,,
103rd St,40.796092,-73.961454,B,C,,,,,,,,,
96th St,40.791646,-73.964699,B,C,,,,,,,,,
86th St,40.785868,-73.968916,B,C,,,,,,,,,
86th St,40.785868,-73.968916,B,C,,,,,,,,,
86th St,40.785868,-73.968916,B,C,,,,,,,,,
81st St - Museum of Natural History,40.781433,-73.972143,B,C,,,,,,,,,
81st St - Museum of Natural History,40.781433,-73.972143,B,C,,,,,,,,,
72nd St,40.775594,-73.97641,B,C,,,,,,,,,
72nd St,40.775594,-73.97641,B,C,,,,,,,,,
59th St,40.768296,-73.981736,A,B,C,D,1,,,,,,
59th St,40.768296,-73.981736,A,B,C,D,1,,,,,,
59th St,40.768296,-73.981736,A,B,C,D,1,,,,,,
59th St,40.768296,-73.981736,A,B,C,D,1,,,,,,
59th St,40.768296,-73.981736,A,B,C,D,1,,,,,,
59th St,40.768296,-73.981736,A,B,C,D,1,,,,,,
59th St,40.768296,-73.981736,A,B,C,D,1,,,,,,
59th St,40.768296,-73.981736,A,B,C,D,1,,,,,,
59th St,40.768296,-73.981736,A,B,C,D,1,,,,,,
59th St,40.768296,-73.981736,A,B,C,D,1,,,,,,
50th St,40.762456,-73.985984,C,E,,,,,,,,,
50th St,40.762456,-73.985984,C,E,,,,,,,,,
50th St,40.762456,-73.985984,C,E,,,,,,,,,
50th St,40.762456,-73.985984,C,E,,,,,,,,,
50th St,40.762456,-73.985984,C,E,,,,,,,,,
50th St,40.762456,-73.985984,C,E,,,,,,,,,
50th St,40.762456,-73.985984,C,E,,,,,,,,,
42nd St,40.757308,-73.989735,A,C,E,N,Q,R,S,1,2,3,7
42nd St,40.757308,-73.989735,A,C,E,N,Q,R,S,1,2,3,7
42nd St,40.757308,-73.989735,A,C,E,N,Q,R,S,1,2,3,7
42nd St,40.757308,-73.989735,A,C,E,N,Q,R,S,1,2,3,7
34th St,40.752287,-73.993391,A,C,E,,,,,,,,
34th St,40.752287,-73.993391,A,C,E,,,,,,,,
34th St,40.752287,-73.993391,A,C,E,,,,,,,,
23rd St,40.745906,-73.998041,C,E,,,,,,,,,
23rd St,40.745906,-73.998041,C,E,,,,,,,,,
14th St,40.740893,-74.00169,A,C,E,L,,,,,,,
14th St,40.740893,-74.00169,A,C,E,L,,,,,,,
14th St,40.740893,-74.00169,A,C,E,L,,,,,,,
14th St,40.740893,-74.00169,A,C,E,L,,,,,,,
14th St,40.740893,-74.00169,A,C,E,L,,,,,,,
West 4th St,40.732338,-74.000495,A,B,C,D,E,F,M,,,,
West 4th St,40.732338,-74.000495,A,B,C,D,E,F,M,,,,
West 4th St,40.732338,-74.000495,A,B,C,D,E,F,M,,,,
Spring St,40.726227,-74.003739,C,E,,,,,,,,,
Canal St,40.720824,-74.005229,A,C,E,,,,,,,,
Canal St,40.720824,-74.005229,A,C,E,,,,,,,,
Canal St,40.720824,-74.005229,A,C,E,,,,,,,,
Canal St,40.720824,-74.005229,A,C,E,,,,,,,,
Chambers St,40.714111,-74.008585,A,C,E,2,3,,,,,,
World Trade Center,40.712582,-74.009781,A,C,E,2,3,,,,,,
World Trade Center,40.712582,-74.009781,A,C,E,2,3,,,,,,
World Trade Center,40.712582,-74.009781,A,C,E,2,3,,,,,,
World Trade Center,40.712582,-74.009781,A,C,E,2,3,,,,,,
World Trade Center,40.712582,-74.009781,A,C,E,2,3,,,,,,
World Trade Center,40.712582,-74.009781,A,C,E,2,3,,,,,,
World Trade Center,40.712582,-74.009781,A,C,E,2,3,,,,,,
World Trade Center,40.712582,-74.009781,A,C,E,2,3,,,,,,
Broadway-Nassau,40.710197,-74.007691,A,C,J,Z,2,3,4,5,,,
Broadway-Nassau,40.710197,-74.007691,A,C,J,Z,2,3,4,5,,,
High St,40.699337,-73.990531,A,C,J,Z,2,3,4,5,,,
Jay St - Borough Hall,40.692338,-73.987342,A,C,F,R,,,,,,,
Jay St - Borough Hall,40.692338,-73.987342,A,C,F,R,,,,,,,
Jay St - Borough Hall,40.692338,-73.987342,A,C,F,R,,,,,,,
Jay St - Borough Hall,40.692338,-73.987342,A,C,F,R,,,,,,,
Hoyt & Schermerhorn,40.688484,-73.985001,A,C,G,,,,,,,,
Hoyt & Schermerhorn,40.688484,-73.985001,A,C,G,,,,,,,,
Lafayette Av,40.686113,-73.973946,C,,,,,,,,,,
Lafayette Av,40.686113,-73.973946,C,,,,,,,,,,
Lafayette Av,40.686113,-73.973946,C,,,,,,,,,,
Lafayette Av,40.686113,-73.973946,C,,,,,,,,,,
Lafayette Av,40.686113,-73.973946,C,,,,,,,,,,
Lafayette Av,40.686113,-73.973946,C,,,,,,,,,,
Lafayette Av,40.686113,-73.973946,C,,,,,,,,,,
Lafayette Av,40.686113,-73.973946,C,,,,,,,,,,
Lafayette Av,40.686113,-73.973946,C,,,,,,,,,,
Clinton & Washington Avs,40.683263,-73.965838,C,,,,,,,,,,
Clinton & Washington Avs,40.683263,-73.965838,C,,,,,,,,,,
Nostrand Av,40.680438,-73.950426,A,C,,,,,,,,,
Nostrand Av,40.680438,-73.950426,A,C,,,,,,,,,
Kingston-Throop,40.679921,-73.940858,A,C,,,,,,,,,
Kingston-Throop,40.679921,-73.940858,A,C,,,,,,,,,
Utica Av,40.679364,-73.930729,A,C,,,,,,,,,
Utica Av,40.679364,-73.930729,A,C,,,,,,,,,
Ralph Av,40.678822,-73.920786,A,C,,,,,,,,,
Ralph Av,40.678822,-73.920786,A,C,,,,,,,,,
Ralph Av,40.678822,-73.920786,A,C,,,,,,,,,
Rockaway Av,40.67834,-73.911946,A,C,,,,,,,,,
Rockaway Av,40.67834,-73.911946,A,C,,,,,,,,,
Broadway Junction-East New York,40.678334,-73.905316,A,C,J,L,,,,,,,
Liberty Av,40.674542,-73.896548,A,C,,,,,,,,,
Liberty Av,40.674542,-73.896548,A,C,,,,,,,,,
Liberty Av,40.674542,-73.896548,A,C,,,,,,,,,
Liberty Av,40.674542,-73.896548,A,C,,,,,,,,,
Van Siclen Av,40.67271,-73.890358,A,C,,,,,,,,,
Van Siclen Av,40.67271,-73.890358,A,C,,,,,,,,,
Van Siclen Av,40.67271,-73.890358,A,C,,,,,,,,,
Van Siclen Av,40.67271,-73.890358,A,C,,,,,,,,,
Shepherd Av,40.67413,-73.88075,A,C,,,,,,,,,
Shepherd Av,40.67413,-73.88075,A,C,,,,,,,,,
Shepherd Av,40.67413,-73.88075,A,C,,,,,,,,,
Shepherd Av,40.67413,-73.88075,A,C,,,,,,,,,
Euclid Av,40.675377,-73.872106,A,C,,,,,,,,,
Euclid Av,40.675377,-73.872106,A,C,,,,,,,,,
Euclid Av,40.675377,-73.872106,A,C,,,,,,,,,
Euclid Av,40.675377,-73.872106,A,C,,,,,,,,,
Euclid Av,40.675377,-73.872106,A,C,,,,,,,,,
Grant Av,40.677044,-73.86505,A,,,,,,,,,,
80th St-Hudson St,40.679371,-73.858992,A,,,,,,,,,,
80th St-Hudson St,40.679371,-73.858992,A,,,,,,,,,,
88th St-Boyd Av,40.679843,-73.85147,A,,,,,,,,,,
88th St-Boyd Av,40.679843,-73.85147,A,,,,,,,,,,
Rockaway Blvd,40.680429,-73.843853,A,,,,,,,,,,
Rockaway Blvd,40.680429,-73.843853,A,,,,,,,,,,
104th St-Oxford Av,40.681711,-73.837683,A,,,,,,,,,,
104th St-Oxford Av,40.681711,-73.837683,A,,,,,,,,,,
111th St-Greenwood Av,40.684331,-73.832163,A,,,,,,,,,,
111th St-Greenwood Av,40.684331,-73.832163,A,,,,,,,,,,
Lefferts Blvd,40.685951,-73.825798,A,,,,,,,,,,
Lefferts Blvd,40.685951,-73.825798,A,,,,,,,,,,
Aqueduct-North Conduit Av,40.668234,-73.834058,A,,,,,,,,,,
Howard Beach,40.660476,-73.830301,A,,,,,,,,,,
Howard Beach,40.660476,-73.830301,A,,,,,,,,,,
Howard Beach,40.660476,-73.830301,A,,,,,,,,,,
Broad Channel,40.608382,-73.815925,A,H,,,,,,,,,
Beach 90th St,40.588034,-73.813641,H,,,,,,,,,,
Beach 90th St,40.588034,-73.813641,H,,,,,,,,,,
Beach 90th St,40.588034,-73.813641,H,,,,,,,,,,
Beach 90th St,40.588034,-73.813641,H,,,,,,,,,,
Beach 98th St,40.585307,-73.820558,H,,,,,,,,,,
Beach 98th St,40.585307,-73.820558,H,,,,,,,,,,
Beach 98th St,40.585307,-73.820558,H,,,,,,,,,,
Beach 105th St,40.583209,-73.827559,H,,,,,,,,,,
Beach 105th St,40.583209,-73.827559,H,,,,,,,,,,
Beach 105th St,40.583209,-73.827559,H,,,,,,,,,,
Beach 105th St,40.583209,-73.827559,H,,,,,,,,,,
Rockaway Park-Beach 116th,40.580903,-73.835592,H,,,,,,,,,,
Beach 67th St,40.590927,-73.796924,A,,,,,,,,,,
Beach 67th St,40.590927,-73.796924,A,,,,,,,,,,
Beach 67th St,40.590927,-73.796924,A,,,,,,,,,,
Beach 67th St,40.590927,-73.796924,A,,,,,,,,,,
Beach 60th St,40.592374,-73.788522,A,,,,,,,,,,
Beach 60th St,40.592374,-73.788522,A,,,,,,,,,,
Beach 60th St,40.592374,-73.788522,A,,,,,,,,,,
Beach 60th St,40.592374,-73.788522,A,,,,,,,,,,
Beach 44th St,40.592943,-73.776013,A,,,,,,,,,,
Beach 44th St,40.592943,-73.776013,A,,,,,,,,,,
Beach 44th St,40.592943,-73.776013,A,,,,,,,,,,
Beach 44th St,40.592943,-73.776013,A,,,,,,,,,,
Beach 36th St,40.595398,-73.768175,A,,,,,,,,,,
Beach 36th St,40.595398,-73.768175,A,,,,,,,,,,
Beach 36th St,40.595398,-73.768175,A,,,,,,,,,,
Beach 36th St,40.595398,-73.768175,A,,,,,,,,,,
Beach 25th St,40.600066,-73.761353,A,,,,,,,,,,
Beach 25th St,40.600066,-73.761353,A,,,,,,,,,,
Beach 25th St,40.600066,-73.761353,A,,,,,,,,,,
Far Rockaway-Mott Av,40.603995,-73.755405,A,,,,,,,,,,
Norwood-205th St,40.874811,-73.878855,D,,,,,,,,,,
Norwood-205th St,40.874811,-73.878855,D,,,,,,,,,,
Bedford Park Blvd,40.873244,-73.887138,B,D,,,,,,,,,
Bedford Park Blvd,40.873244,-73.887138,B,D,,,,,,,,,
Bedford Park Blvd,40.873244,-73.887138,B,D,,,,,,,,,
Kingsbridge Rd,40.866978,-73.893509,B,D,,,,,,,,,
Kingsbridge Rd,40.866978,-73.893509,B,D,,,,,,,,,
Fordham Rd,40.861296,-73.897749,B,D,,,,,,,,,
Fordham Rd,40.861296,-73.897749,B,D,,,,,,,,,
Fordham Rd,40.861296,-73.897749,B,D,,,,,,,,,
Fordham Rd,40.861296,-73.897749,B,D,,,,,,,,,
182nd-183rd Sts,40.856093,-73.900741,B,D,,,,,,,,,
182nd-183rd Sts,40.856093,-73.900741,B,D,,,,,,,,,
182nd-183rd Sts,40.856093,-73.900741,B,D,,,,,,,,,
182nd-183rd Sts,40.856093,-73.900741,B,D,,,,,,,,,
Tremont Av,40.85041,-73.905227,B,D,,,,,,,,,
Tremont Av,40.85041,-73.905227,B,D,,,,,,,,,
Tremont Av,40.85041,-73.905227,B,D,,,,,,,,,
174-175th Sts,40.8459,-73.910136,B,D,,,,,,,,,
174-175th Sts,40.8459,-73.910136,B,D,,,,,,,,,
170th St,40.839306,-73.9134,B,D,,,,,,,,,
170th St,40.839306,-73.9134,B,D,,,,,,,,,
167th St,40.833769,-73.918432,B,D,,,,,,,,,
167th St,40.833769,-73.918432,B,D,,,,,,,,,
167th St,40.833769,-73.918432,B,D,,,,,,,,,
167th St,40.833769,-73.918432,B,D,,,,,,,,,
Yankee Stadium-161st St,40.827905,-73.925651,B,D,4,,,,,,,,
Yankee Stadium-161st St,40.827905,-73.925651,B,D,4,,,,,,,,
Yankee Stadium-161st St,40.827905,-73.925651,B,D,4,,,,,,,,
Yankee Stadium-161st St,40.827905,-73.925651,B,D,4,,,,,,,,
Yankee Stadium-161st St,40.827905,-73.925651,B,D,4,,,,,,,,
155th St,40.830135,-73.938209,B,D,,,,,,,,,
21st St,40.754203,-73.942836,F,,,,,,,,,,
21st St,40.754203,-73.942836,F,,,,,,,,,,
21st St,40.754203,-73.942836,F,,,,,,,,,,
21st St,40.754203,-73.942836,F,,,,,,,,,,
21st St,40.754203,-73.942836,F,,,,,,,,,,
Roosevelt Island,40.759145,-73.95326,F,,,,,,,,,,
Lexington Av,40.764627,-73.96611,F,,,,,,,,,,
Lexington Av,40.764627,-73.96611,F,,,,,,,,,,
Lexington Av,40.764627,-73.96611,F,,,,,,,,,,
Lexington Av,40.764627,-73.96611,F,,,,,,,,,,
Lexington Av,40.764627,-73.96611,F,,,,,,,,,,
57th St,40.763972,-73.97745,F,,,,,,,,,,
57th St,40.763972,-73.97745,F,,,,,,,,,,
57th St,40.763972,-73.97745,F,,,,,,,,,,
57th St,40.763972,-73.97745,F,,,,,,,,,,
57th St,40.763972,-73.97745,F,,,,,,,,,,
57th St,40.763972,-73.97745,F,,,,,,,,,,
57th St,40.763972,-73.97745,F,,,,,,,,,,
57th St,40.763972,-73.97745,F,,,,,,,,,,
47-50th Sts Rockefeller Center,40.758663,-73.981329,B,D,F,M,,,,,,,
47-50th Sts Rockefeller Center,40.758663,-73.981329,B,D,F,M,,,,,,,
47-50th Sts Rockefeller Center,40.758663,-73.981329,B,D,F,M,,,,,,,
47-50th Sts Rockefeller Center,40.758663,-73.981329,B,D,F,M,,,,,,,
47-50th Sts Rockefeller Center,40.758663,-73.981329,B,D,F,M,,,,,,,
47-50th Sts Rockefeller Center,40.758663,-73.981329,B,D,F,M,,,,,,,
47-50th Sts Rockefeller Center,40.758663,-73.981329,B,D,F,M,,,,,,,
47-50th Sts Rockefeller Center,40.758663,-73.981329,B,D,F,M,7,,,,,,
42nd St,40.754222,-73.984569,B,D,F,M,7,,,,,,
42nd St,40.754222,-73.984569,B,D,F,M,7,,,,,,
34th St,40.749719,-73.987823,B,D,F,M,N,Q,R,,,,
34th St,40.749719,-73.987823,B,D,F,M,N,Q,R,,,,
34th St,40.749719,-73.987823,B,D,F,M,N,Q,R,,,,
23rd St,40.742878,-73.992821,F,M,,,,,,,,,
23rd St,40.742878,-73.992821,F,M,,,,,,,,,
23rd St,40.742878,-73.992821,F,M,,,,,,,,,
23rd St,40.742878,-73.992821,F,M,,,,,,,,,
14th St,40.738228,-73.996209,F,L,M,1,2,3,,,,,
14th St,40.738228,-73.996209,F,L,M,1,2,3,,,,,
14th St,40.738228,-73.996209,F,L,M,1,2,3,,,,,
14th St,40.738228,-73.996209,F,L,M,1,2,3,,,,,
Broadway-Lafayette St,40.725297,-73.996204,B,D,F,M,6,,,,,,
Broadway-Lafayette St,40.725297,-73.996204,B,D,F,M,6,,,,,,
Grand St,40.718267,-73.993753,B,D,,,,,,,,,
Grand St,40.718267,-73.993753,B,D,,,,,,,,,
Grand St,40.718267,-73.993753,B,D,,,,,,,,,
2nd Av,40.723402,-73.989938,F,,,,,,,,,,
2nd Av,40.723402,-73.989938,F,,,,,,,,,,
Delancey St,40.718611,-73.988114,F,J,M,Z,,,,,,,
Delancey St,40.718611,-73.988114,F,J,M,Z,,,,,,,
East Broadway,40.713715,-73.990173,F,,,,,,,,,,
York St,40.699743,-73.986885,F,,,,,,,,,,
Bergen St,40.686145,-73.990862,F,G,,,,,,,,,
Bergen St,40.686145,-73.990862,F,G,,,,,,,,,
Carroll St,40.680303,-73.995048,F,G,,,,,,,,,
Carroll St,40.680303,-73.995048,F,G,,,,,,,,,
Smith-9th St,40.67358,-73.995959,F,G,R,,,,,,,,
4th Av,40.670272,-73.989779,F,,,,,,,,,,
4th Av,40.670272,-73.989779,F,,,,,,,,,,
7th Av,40.666271,-73.980305,F,,,,,,,,,,
7th Av,40.666271,-73.980305,F,,,,,,,,,,
7th Av,40.666271,-73.980305,F,,,,,,,,,,
7th Av,40.666271,-73.980305,F,,,,,,,,,,
7th Av,40.666271,-73.980305,F,,,,,,,,,,
7th Av,40.666271,-73.980305,F,,,,,,,,,,
7th Av,40.666271,-73.980305,F,,,,,,,,,,
7th Av,40.666271,-73.980305,F,,,,,,,,,,
Prospect Park-15 St,40.660365,-73.979493,F,,,,,,,,,,
Prospect Park-15 St,40.660365,-73.979493,F,,,,,,,,,,
Fort Hamilton Parkway,40.650782,-73.975776,F,,,,,,,,,,
Fort Hamilton Parkway,40.650782,-73.975776,F,,,,,,,,,,
Fort Hamilton Parkway,40.650782,-73.975776,F,,,,,,,,,,
Church Av,40.644041,-73.979678,F,,,,,,,,,,
Church Av,40.644041,-73.979678,F,,,,,,,,,,
Church Av,40.644041,-73.979678,F,,,,,,,,,,
Church Av,40.644041,-73.979678,F,,,,,,,,,,
Ditmas Av,40.636119,-73.978172,F,,,,,,,,,,
Ditmas Av,40.636119,-73.978172,F,,,,,,,,,,
18th Av,40.629755,-73.976971,F,,,,,,,,,,
18th Av,40.629755,-73.976971,F,,,,,,,,,,
Av I,40.625322,-73.976127,F,,,,,,,,,,
Av I,40.625322,-73.976127,F,,,,,,,,,,
Bay Parkway-22nd Av,40.620769,-73.975264,F,,,,,,,,,,
Bay Parkway-22nd Av,40.620769,-73.975264,F,,,,,,,,,,
Bay Parkway-22nd Av,40.620769,-73.975264,F,,,,,,,,,,
Av N,40.61514,-73.974197,F,,,,,,,,,,
Av N,40.61514,-73.974197,F,,,,,,,,,,
Av P,40.608944,-73.973022,F,,,,,,,,,,
Av P,40.608944,-73.973022,F,,,,,,,,,,
Kings Highway,40.603217,-73.972361,F,,,,,,,,,,
Kings Highway,40.603217,-73.972361,F,,,,,,,,,,
Av U,40.596063,-73.973357,F,,,,,,,,,,
Av U,40.596063,-73.973357,F,,,,,,,,,,
Av X,40.58962,-73.97425,F,,,,,,,,,,
Av X,40.58962,-73.97425,F,,,,,,,,,,
Neptune Av-Van Siclen,40.581011,-73.974574,F,,,,,,,,,,
Neptune Av-Van Siclen,40.581011,-73.974574,F,,,,,,,,,,
Jamaica-179th St,40.712646,-73.783817,F,,,,,,,,,,
Jamaica-179th St,40.712646,-73.783817,F,,,,,,,,,,
Jamaica-179th St,40.712646,-73.783817,F,,,,,,,,,,
Jamaica-179th St,40.712646,-73.783817,F,,,,,,,,,,
Jamaica-179th St,40.712646,-73.783817,F,,,,,,,,,,
Jamaica-179th St,40.712646,-73.783817,F,,,,,,,,,,
Jamaica-179th St,40.712646,-73.783817,F,,,,,,,,,,
Jamaica-179th St,40.712646,-73.783817,F,,,,,,,,,,
Jamaica-179th St,40.712646,-73.783817,F,,,,,,,,,,
Jamaica-179th St,40.712646,-73.783817,F,,,,,,,,,,
169th St,40.71047,-73.793604,F,,,,,,,,,,
169th St,40.71047,-73.793604,F,,,,,,,,,,
169th St,40.71047,-73.793604,F,,,,,,,,,,
169th St,40.71047,-73.793604,F,,,,,,,,,,
Parsons Blvd,40.707564,-73.803326,F,,,,,,,,,,
Parsons Blvd,40.707564,-73.803326,F,,,,,,,,,,
Parsons Blvd,40.707564,-73.803326,F,,,,,,,,,,
Sutphin Blvd,40.70546,-73.810708,F,,,,,,,,,,
Sutphin Blvd,40.70546,-73.810708,F,,,,,,,,,,
Sutphin Blvd,40.70546,-73.810708,F,,,,,,,,,,
Briarwood-Van Wyck Blvd,40.709179,-73.820574,F,,,,,,,,,,
Briarwood-Van Wyck Blvd,40.709179,-73.820574,F,,,,,,,,,,
Briarwood-Van Wyck Blvd,40.709179,-73.820574,F,,,,,,,,,,
Kew Gardens-Union Turnpike,40.714441,-73.831008,E,F,,,,,,,,,
Kew Gardens-Union Turnpike,40.714441,-73.831008,E,F,,,,,,,,,
Kew Gardens-Union Turnpike,40.714441,-73.831008,E,F,,,,,,,,,
Kew Gardens-Union Turnpike,40.714441,-73.831008,E,F,,,,,,,,,
75th Av,40.718331,-73.837324,E,F,,,,,,,,,
75th Av,40.718331,-73.837324,E,F,,,,,,,,,
75th Av,40.718331,-73.837324,E,F,,,,,,,,,
Forest Hills-71st Av,40.721691,-73.844521,E,F,M,R,,,,,,,
Forest Hills-71st Av,40.721691,-73.844521,E,F,M,R,,,,,,,
67th Av,40.726523,-73.852719,M,R,,,,,,,,,
67th Av,40.726523,-73.852719,M,R,,,,,,,,,
63rd Drive-Rego Park,40.729846,-73.861604,M,R,,,,,,,,,
63rd Drive-Rego Park,40.729846,-73.861604,M,R,,,,,,,,,
Woodhaven Blvd,40.733106,-73.869229,M,R,,,,,,,,,
Woodhaven Blvd,40.733106,-73.869229,M,R,,,,,,,,,
Woodhaven Blvd,40.733106,-73.869229,M,R,,,,,,,,,
Grand Av-Newtown,40.737015,-73.877223,M,R,,,,,,,,,
Grand Av-Newtown,40.737015,-73.877223,M,R,,,,,,,,,
Grand Av-Newtown,40.737015,-73.877223,M,R,,,,,,,,,
Grand Av-Newtown,40.737015,-73.877223,M,R,,,,,,,,,
Grand Av-Newtown,40.737015,-73.877223,M,R,,,,,,,,,
Elmhurst Av,40.742454,-73.882017,M,R,,,,,,,,,
Elmhurst Av,40.742454,-73.882017,M,R,,,,,,,,,
Elmhurst Av,40.742454,-73.882017,M,R,,,,,,,,,
Elmhurst Av,40.742454,-73.882017,M,R,,,,,,,,,
Elmhurst Av,40.742454,-73.882017,M,R,,,,,,,,,
Jackson Heights-Roosevelt Ave,40.746644,-73.891338,E,F,M,R,7,,,,,,
Jackson Heights-Roosevelt Ave,40.746644,-73.891338,E,F,M,R,7,,,,,,
65th St,40.749669,-73.898453,M,R,,,,,,,,,
65th St,40.749669,-73.898453,M,R,,,,,,,,,
Northern Blvd,40.752885,-73.906006,M,R,,,,,,,,,
46th St,40.756312,-73.913333,M,R,,,,,,,,,
Steinway St,40.756879,-73.92074,M,R,,,,,,,,,
Steinway St,40.756879,-73.92074,M,R,,,,,,,,,
36th St,40.752039,-73.928781,M,R,,,,,,,,,
36th St,40.752039,-73.928781,M,R,,,,,,,,,
Queens Plaza,40.748973,-73.937243,E,M,R,,,,,,,,
Queens Plaza,40.748973,-73.937243,E,M,R,,,,,,,,
Queens Plaza,40.748973,-73.937243,E,M,R,,,,,,,,
Queens Plaza,40.748973,-73.937243,E,M,R,,,,,,,,
Queens Plaza,40.748973,-73.937243,E,M,R,,,,,,,,
23rd St-Ely Av,40.747846,-73.946,E,G,M,7,,,,,,,
23rd St-Ely Av,40.747846,-73.946,E,G,M,7,,,,,,,
23rd St-Ely Av,40.747846,-73.946,E,G,M,7,,,,,,,
Lexington Av-53rd St,40.757552,-73.969055,E,M,6,,,,,,,,
Lexington Av-53rd St,40.757552,-73.969055,E,M,6,,,,,,,,
5th Av-53rd St,40.760167,-73.975224,E,M,,,,,,,,,
5th Av-53rd St,40.760167,-73.975224,E,M,,,,,,,,,
5th Av-53rd St,40.760167,-73.975224,E,M,,,,,,,,,
7th Av,40.762862,-73.981637,B,D,E,,,,,,,,
7th Av,40.762862,-73.981637,B,D,E,,,,,,,,
Parsons Blvd-Archer Av - Jamaica Center,40.702147,-73.801109,E,J,Z,,,,,,,,
Parsons Blvd-Archer Av - Jamaica Center,40.702147,-73.801109,E,J,Z,,,,,,,,
Parsons Blvd-Archer Av - Jamaica Center,40.702147,-73.801109,E,J,Z,,,,,,,,
Parsons Blvd-Archer Av - Jamaica Center,40.702147,-73.801109,E,J,Z,,,,,,,,
Parsons Blvd-Archer Av - Jamaica Center,40.702147,-73.801109,E,J,Z,,,,,,,,
Parsons Blvd-Archer Av - Jamaica Center,40.702147,-73.801109,E,J,Z,,,,,,,,
Parsons Blvd-Archer Av - Jamaica Center,40.702147,-73.801109,E,J,Z,,,,,,,,
Sutphin Blvd-Archer Av - JFK,40.700486,-73.807969,E,J,Z,,,,,,,,
Sutphin Blvd-Archer Av - JFK,40.700486,-73.807969,E,J,Z,,,,,,,,
Sutphin Blvd-Archer Av - JFK,40.700486,-73.807969,E,J,Z,,,,,,,,
Sutphin Blvd-Archer Av - JFK,40.700486,-73.807969,E,J,Z,,,,,,,,
Jamaica-Van Wyck,40.702566,-73.816859,E,,,,,,,,,,
Jamaica-Van Wyck,40.702566,-73.816859,E,,,,,,,,,,
Jamaica-Van Wyck,40.702566,-73.816859,E,,,,,,,,,,
Long Island City-Court Square,40.746554,-73.943832,G,,,,,,,,,,
21st St,40.744065,-73.949724,G,,,,,,,,,,
21st St,40.744065,-73.949724,G,,,,,,,,,,
21st St,40.744065,-73.949724,G,,,,,,,,,,
Greenpoint Av,40.731352,-73.954449,G,,,,,,,,,,
Greenpoint Av,40.731352,-73.954449,G,,,,,,,,,,
Greenpoint Av,40.731352,-73.954449,G,,,,,,,,,,
Nassau Av,40.724635,-73.951277,G,,,,,,,,,,
Nassau Av,40.724635,-73.951277,G,,,,,,,,,,
Nassau Av,40.724635,-73.951277,G,,,,,,,,,,
Nassau Av,40.724635,-73.951277,G,,,,,,,,,,
Metropolitan Av,40.712792,-73.951418,G,L,,,,,,,,,
Metropolitan Av,40.712792,-73.951418,G,L,,,,,,,,,
Broadway,40.706092,-73.950308,G,,,,,,,,,,
Broadway,40.706092,-73.950308,G,,,,,,,,,,
Broadway,40.706092,-73.950308,G,,,,,,,,,,
Broadway,40.706092,-73.950308,G,,,,,,,,,,
Flushing Av,40.700377,-73.950234,G,,,,,,,,,,
Myrtle-Willoughby Avs,40.694568,-73.949046,G,,,,,,,,,,
Bedford-Nostrand Avs,40.689627,-73.953522,G,,,,,,,,,,
Bedford-Nostrand Avs,40.689627,-73.953522,G,,,,,,,,,,
Classon Av,40.688873,-73.96007,G,,,,,,,,,,
Classon Av,40.688873,-73.96007,G,,,,,,,,,,
Classon Av,40.688873,-73.96007,G,,,,,,,,,,
Clinton-Washington Avs,40.688089,-73.966839,G,,,,,,,,,,
Clinton-Washington Avs,40.688089,-73.966839,G,,,,,,,,,,
Clinton-Washington Avs,40.688089,-73.966839,G,,,,,,,,,,
Clinton-Washington Avs,40.688089,-73.966839,G,,,,,,,,,,
Clinton-Washington Avs,40.688089,-73.966839,G,,,,,,,,,,
Clinton-Washington Avs,40.688089,-73.966839,G,,,,,,,,,,
Clinton-Washington Avs,40.688089,-73.966839,G,,,,,,,,,,
Clinton-Washington Avs,40.688089,-73.966839,G,,,,,,,,,,
Fulton St,40.687119,-73.975375,G,,,,,,,,,,
Fulton St,40.687119,-73.975375,G,,,,,,,,,,
Van Cortlandt Park-242nd St,40.889248,-73.898583,1,,,,,,,,,,
Van Cortlandt Park-242nd St,40.889248,-73.898583,1,,,,,,,,,,
Van Cortlandt Park-242nd St,40.889248,-73.898583,1,,,,,,,,,,
Van Cortlandt Park-242nd St,40.889248,-73.898583,1,,,,,,,,,,
238th St,40.884667,-73.90087,1,,,,,,,,,,
231st St,40.878856,-73.904834,1,,,,,,,,,,
231st St,40.878856,-73.904834,1,,,,,,,,,,
Marble Hill-225th St,40.874561,-73.909831,1,,,,,,,,,,
215th St,40.869444,-73.915279,1,,,,,,,,,,
215th St,40.869444,-73.915279,1,,,,,,,,,,
207th St,40.864614,-73.918819,1,,,,,,,,,,
207th St,40.864614,-73.918819,1,,,,,,,,,,
Dyckman St,40.860531,-73.925536,1,,,,,,,,,,
Dyckman St,40.860531,-73.925536,1,,,,,,,,,,
191st St,40.855225,-73.929412,1,,,,,,,,,,
191st St,40.855225,-73.929412,1,,,,,,,,,,
181st St,40.849505,-73.933596,1,,,,,,,,,,
181st St,40.849505,-73.933596,1,,,,,,,,,,
157th St,40.834041,-73.94489,1,,,,,,,,,,
157th St,40.834041,-73.94489,1,,,,,,,,,,
145th St,40.826551,-73.95036,1,,,,,,,,,,
137th St-City College,40.822008,-73.953676,1,,,,,,,,,,
137th St-City College,40.822008,-73.953676,1,,,,,,,,,,
125th St,40.815581,-73.958372,1,,,,,,,,,,
125th St,40.815581,-73.958372,1,,,,,,,,,,
125th St,40.815581,-73.958372,1,,,,,,,,,,
125th St,40.815581,-73.958372,1,,,,,,,,,,
116th St-Columbia University,40.807722,-73.96411,1,,,,,,,,,,
116th St-Columbia University,40.807722,-73.96411,1,,,,,,,,,,
116th St-Columbia University,40.807722,-73.96411,1,,,,,,,,,,
116th St-Columbia University,40.807722,-73.96411,1,,,,,,,,,,
Cathedral Parkway-110th St,40.803967,-73.966847,1,,,,,,,,,,
103rd St,40.799446,-73.968379,1,,,,,,,,,,
103rd St,40.799446,-73.968379,1,,,,,,,,,,
103rd St,40.799446,-73.968379,1,,,,,,,,,,
103rd St,40.799446,-73.968379,1,,,,,,,,,,
86th St,40.788644,-73.976218,1,,,,,,,,,,
86th St,40.788644,-73.976218,1,,,,,,,,,,
79th St,40.783934,-73.979917,1,,,,,,,,,,
79th St,40.783934,-73.979917,1,,,,,,,,,,
72nd St,40.778453,-73.98197,1,2,3,,,,,,,,
72nd St,40.778453,-73.98197,1,2,3,,,,,,,,
66th St-Lincoln Center,40.77344,-73.982209,1,,,,,,,,,,
66th St-Lincoln Center,40.77344,-73.982209,1,,,,,,,,,,
66th St-Lincoln Center,40.77344,-73.982209,1,,,,,,,,,,
50th St,40.761728,-73.983849,1,,,,,,,,,,
50th St,40.761728,-73.983849,1,,,,,,,,,,
50th St,40.761728,-73.983849,1,,,,,,,,,,
50th St,40.761728,-73.983849,1,,,,,,,,,,
Times Square,40.75529,-73.987495,A,C,E,N,Q,R,S,1,2,3,7
Times Square,40.75529,-73.987495,A,C,E,N,Q,R,S,1,2,3,7
34th St,40.750373,-73.991057,1,2,3,,,,,,,,
23rd St,40.744081,-73.995657,1,,,,,,,,,,
23rd St,40.744081,-73.995657,1,,,,,,,,,,
18th St,40.74104,-73.997871,1,,,,,,,,,,
18th St,40.74104,-73.997871,1,,,,,,,,,,
14th St,40.737826,-74.000201,F,L,M,1,2,3,,,,,
14th St,40.737826,-74.000201,F,L,M,1,2,3,,,,,
14th St,40.737826,-74.000201,F,L,M,1,2,3,,,,,
Christopher St,40.733422,-74.002906,1,,,,,,,,,,
Houston St,40.728251,-74.005367,1,,,,,,,,,,
Houston St,40.728251,-74.005367,1,,,,,,,,,,
Canal St,40.722854,-74.006277,1,,,,,,,,,,
Canal St,40.722854,-74.006277,1,,,,,,,,,,
Franklin St,40.719318,-74.006886,1,,,,,,,,,,
Chambers St,40.715478,-74.009266,1,2,3,,,,,,,,
Chambers St,40.715478,-74.009266,1,2,3,,,,,,,,
Chambers St,40.715478,-74.009266,1,2,3,,,,,,,,
Chambers St,40.715478,-74.009266,1,2,3,,,,,,,,
Chambers St,40.715478,-74.009266,1,2,3,,,,,,,,
Rector St,40.707513,-74.013783,1,,,,,,,,,,
Park Place,40.713051,-74.008811,A,C,E,1,2,3,,,,,
Fulton St,40.709416,-74.006571,A,C,J,Z,2,3,4,5,,,
Wall St,40.706821,-74.0091,2,3,,,,,,,,,
Wall St,40.706821,-74.0091,2,3,,,,,,,,,
Clark St,40.697466,-73.993086,2,3,,,,,,,,,
Clark St,40.697466,-73.993086,2,3,,,,,,,,,
Borough Hall,40.693219,-73.989998,R,2,3,4,5,,,,,,
Borough Hall,40.693219,-73.989998,R,2,3,4,5,,,,,,
Borough Hall,40.693219,-73.989998,R,2,3,4,5,,,,,,
Borough Hall,40.693219,-73.989998,R,2,3,4,5,,,,,,
Hoyt St,40.690545,-73.985065,2,3,,,,,,,,,
Nevins St,40.688246,-73.980492,2,3,4,5,,,,,,,
Nevins St,40.688246,-73.980492,2,3,4,5,,,,,,,
Atlantic Av-Barclays Ctr,40.684359,-73.977666,B,D,N,Q,R,2,3,4,5,,
Bergen St,40.680829,-73.975098,2,3,,,,,,,,,
Bergen St,40.680829,-73.975098,2,3,,,,,,,,,
Grand Army Plaza,40.675235,-73.971046,2,3,,,,,,,,,
Grand Army Plaza,40.675235,-73.971046,2,3,,,,,,,,,
Grand Army Plaza,40.675235,-73.971046,2,3,,,,,,,,,
Grand Army Plaza,40.675235,-73.971046,2,3,,,,,,,,,
Eastern Parkway-Brooklyn Museum,40.671987,-73.964375,2,3,,,,,,,,,
Eastern Parkway-Brooklyn Museum,40.671987,-73.964375,2,3,,,,,,,,,
Franklin Av,40.670682,-73.958131,FS,2,3,4,5,,,,,,
Franklin Av,40.670682,-73.958131,FS,2,3,4,5,,,,,,
Franklin Av,40.670682,-73.958131,FS,2,3,4,5,,,,,,
Franklin Av,40.670682,-73.958131,FS,2,3,4,5,,,,,,
Nostrand Av,40.669847,-73.950466,3,,,,,,,,,,
Nostrand Av,40.669847,-73.950466,3,,,,,,,,,,
Kingston Av,40.669399,-73.942161,3,,,,,,,,,,
Kingston Av,40.669399,-73.942161,3,,,,,,,,,,
Utica Av,40.668897,-73.932942,3,4,,,,,,,,,
Utica Av,40.668897,-73.932942,3,4,,,,,,,,,
Utica Av,40.668897,-73.932942,3,4,,,,,,,,,
Utica Av,40.668897,-73.932942,3,4,,,,,,,,,
Utica Av,40.668897,-73.932942,3,4,,,,,,,,,
Sutter Av,40.664717,-73.92261,3,,,,,,,,,,
Sutter Av,40.664717,-73.92261,3,,,,,,,,,,
Sutter Av,40.664717,-73.92261,3,,,,,,,,,,
Saratoga Av,40.661453,-73.916327,3,,,,,,,,,,
Saratoga Av,40.661453,-73.916327,3,,,,,,,,,,
Saratoga Av,40.661453,-73.916327,3,,,,,,,,,,
Rockaway Av,40.662549,-73.908946,3,,,,,,,,,,
Rockaway Av,40.662549,-73.908946,3,,,,,,,,,,
Junius St,40.663515,-73.902447,3,,,,,,,,,,
Junius St,40.663515,-73.902447,3,,,,,,,,,,
Pennsylvania Av,40.664635,-73.894895,3,,,,,,,,,,
Pennsylvania Av,40.664635,-73.894895,3,,,,,,,,,,
Van Siclen Av,40.665449,-73.889395,3,,,,,,,,,,
Van Siclen Av,40.665449,-73.889395,3,,,,,,,,,,
New Lots Av,40.666235,-73.884079,3,,,,,,,,,,
New Lots Av,40.666235,-73.884079,3,,,,,,,,,,
President St,40.667883,-73.950683,2,5,,,,,,,,,
President St,40.667883,-73.950683,2,5,,,,,,,,,
Sterling St,40.662742,-73.95085,2,5,,,,,,,,,
Sterling St,40.662742,-73.95085,2,5,,,,,,,,,
Winthrop St,40.656652,-73.9502,2,5,,,,,,,,,
Church Av,40.650843,-73.949575,2,5,,,,,,,,,
Church Av,40.650843,-73.949575,2,5,,,,,,,,,
Church Av,40.650843,-73.949575,2,5,,,,,,,,,
Beverly Rd,40.645098,-73.948959,2,5,,,,,,,,,
Newkirk Av,40.639967,-73.948411,2,5,,,,,,,,,
Flatbush Av-Brooklyn College,40.632836,-73.947642,2,5,,,,,,,,,
Flatbush Av-Brooklyn College,40.632836,-73.947642,2,5,,,,,,,,,
Flatbush Av-Brooklyn College,40.632836,-73.947642,2,5,,,,,,,,,
Flatbush Av-Brooklyn College,40.632836,-73.947642,2,5,,,,,,,,,
Flatbush Av-Brooklyn College,40.632836,-73.947642,2,5,,,,,,,,,
Pelham Bay Park,40.852462,-73.828121,6,,,,,,,,,,
Pelham Bay Park,40.852462,-73.828121,6,,,,,,,,,,
Pelham Bay Park,40.852462,-73.828121,6,,,,,,,,,,
Pelham Bay Park,40.852462,-73.828121,6,,,,,,,,,,
Pelham Bay Park,40.852462,-73.828121,6,,,,,,,,,,
Buhre Av,40.84681,-73.832569,6,,,,,,,,,,
Buhre Av,40.84681,-73.832569,6,,,,,,,,,,
Buhre Av,40.84681,-73.832569,6,,,,,,,,,,
Middletown Rd,40.843863,-73.836322,6,,,,,,,,,,
Middletown Rd,40.843863,-73.836322,6,,,,,,,,,,
Westchester Square-East Tremont Av,40.839892,-73.842952,6,,,,,,,,,,
Zerega Av,40.836488,-73.847036,6,,,,,,,,,,
Zerega Av,40.836488,-73.847036,6,,,,,,,,,,
Castle Hill Av,40.834255,-73.851222,6,,,,,,,,,,
Castle Hill Av,40.834255,-73.851222,6,,,,,,,,,,
Parkchester-East 177th St,40.833226,-73.860816,6,,,,,,,,,,
St Lawrence Av,40.831509,-73.867618,6,,,,,,,,,,
St Lawrence Av,40.831509,-73.867618,6,,,,,,,,,,
Morrison Av-Soundview Av,40.829521,-73.874516,6,,,,,,,,,,
Morrison Av-Soundview Av,40.829521,-73.874516,6,,,,,,,,,,
Morrison Av-Soundview Av,40.829521,-73.874516,6,,,,,,,,,,
Elder Av,40.828584,-73.879159,6,,,,,,,,,,
Elder Av,40.828584,-73.879159,6,,,,,,,,,,
Whitlock Av,40.826525,-73.886283,6,,,,,,,,,,
Whitlock Av,40.826525,-73.886283,6,,,,,,,,,,
Hunts Point Av,40.820948,-73.890549,6,,,,,,,,,,
Hunts Point Av,40.820948,-73.890549,6,,,,,,,,,,
Longwood Av,40.816104,-73.896435,6,,,,,,,,,,
Longwood Av,40.816104,-73.896435,6,,,,,,,,,,
East 149th St,40.812118,-73.904098,6,,,,,,,,,,
East 149th St,40.812118,-73.904098,6,,,,,,,,,,
East 143rd St-St Mary's St,40.808719,-73.907657,6,,,,,,,,,,
East 143rd St-St Mary's St,40.808719,-73.907657,6,,,,,,,,,,
Cypress Av,40.805368,-73.914042,6,,,,,,,,,,
Cypress Av,40.805368,-73.914042,6,,,,,,,,,,
Brook Av,40.807566,-73.91924,6,,,,,,,,,,
Brook Av,40.807566,-73.91924,6,,,,,,,,,,
138th St-3rd Ave,40.810476,-73.926138,6,,,,,,,,,,
138th St-3rd Ave,40.810476,-73.926138,6,,,,,,,,,,
138th St-3rd Ave,40.810476,-73.926138,6,,,,,,,,,,
138th St-3rd Ave,40.810476,-73.926138,6,,,,,,,,,,
Woodlawn,40.886037,-73.878751,4,,,,,,,,,,
Woodlawn,40.886037,-73.878751,4,,,,,,,,,,
Mosholu Parkway,40.87975,-73.884655,4,,,,,,,,,,
Mosholu Parkway,40.87975,-73.884655,4,,,,,,,,,,
Bedford Park Blvd-Lehman College,40.873412,-73.890064,4,,,,,,,,,,
Kingsbridge Rd,40.86776,-73.897174,4,,,,,,,,,,
Kingsbridge Rd,40.86776,-73.897174,4,,,,,,,,,,
Kingsbridge Rd,40.86776,-73.897174,4,,,,,,,,,,
Fordham Rd,40.862803,-73.901034,4,,,,,,,,,,
Fordham Rd,40.862803,-73.901034,4,,,,,,,,,,
Fordham Rd,40.862803,-73.901034,4,,,,,,,,,,
Fordham Rd,40.862803,-73.901034,4,,,,,,,,,,
183rd St,40.858407,-73.903879,4,,,,,,,,,,
183rd St,40.858407,-73.903879,4,,,,,,,,,,
183rd St,40.858407,-73.903879,4,,,,,,,,,,
Burnside Av,40.853453,-73.907684,4,,,,,,,,,,
Burnside Av,40.853453,-73.907684,4,,,,,,,,,,
Burnside Av,40.853453,-73.907684,4,,,,,,,,,,
Burnside Av,40.853453,-73.907684,4,,,,,,,,,,
176th St,40.84848,-73.911794,4,,,,,,,,,,
176th St,40.84848,-73.911794,4,,,,,,,,,,
Mt Eden Av,40.844434,-73.914685,4,,,,,,,,,,
Mt Eden Av,40.844434,-73.914685,4,,,,,,,,,,
170th St,40.840075,-73.917791,4,,,,,,,,,,
170th St,40.840075,-73.917791,4,,,,,,,,,,
170th St,40.840075,-73.917791,4,,,,,,,,,,
167th St,40.835537,-73.9214,4,,,,,,,,,,
167th St,40.835537,-73.9214,4,,,,,,,,,,
167th St,40.835537,-73.9214,4,,,,,,,,,,
167th St,40.835537,-73.9214,4,,,,,,,,,,
149th St-Grand Concourse,40.818375,-73.927351,2,4,5,,,,,,,,
149th St-Grand Concourse,40.818375,-73.927351,2,4,5,,,,,,,,
138th St,40.813224,-73.929849,4,5,,,,,,,,,
138th St,40.813224,-73.929849,4,5,,,,,,,,,
138th St,40.813224,-73.929849,4,5,,,,,,,,,
125th St,40.804138,-73.937594,4,5,6,,,,,,,,
125th St,40.804138,-73.937594,4,5,6,,,,,,,,
125th St,40.804138,-73.937594,4,5,6,,,,,,,,
125th St,40.804138,-73.937594,4,5,6,,,,,,,,
125th St,40.804138,-73.937594,4,5,6,,,,,,,,
116th St,40.798629,-73.941617,6,,,,,,,,,,
116th St,40.798629,-73.941617,6,,,,,,,,,,
110th St,40.79502,-73.94425,6,,,,,,,,,,
110th St,40.79502,-73.94425,6,,,,,,,,,,
103rd St,40.7906,-73.947478,6,,,,,,,,,,
103rd St,40.7906,-73.947478,6,,,,,,,,,,
96th St,40.785672,-73.95107,6,,,,,,,,,,
96th St,40.785672,-73.95107,6,,,,,,,,,,
96th St,40.785672,-73.95107,6,,,,,,,,,,
96th St,40.785672,-73.95107,6,,,,,,,,,,
86th St,40.779492,-73.955589,4,5,6,,,,,,,,
86th St,40.779492,-73.955589,4,5,6,,,,,,,,
86th St,40.779492,-73.955589,4,5,6,,,,,,,,
86th St,40.779492,-73.955589,4,5,6,,,,,,,,
77th St,40.77362,-73.959874,6,,,,,,,,,,
77th St,40.77362,-73.959874,6,,,,,,,,,,
77th St,40.77362,-73.959874,6,,,,,,,,,,
77th St,40.77362,-73.959874,6,,,,,,,,,,
68th St-Hunter College,40.768141,-73.96387,6,,,,,,,,,,
68th St-Hunter College,40.768141,-73.96387,6,,,,,,,,,,
68th St-Hunter College,40.768141,-73.96387,6,,,,,,,,,,
68th St-Hunter College,40.768141,-73.96387,6,,,,,,,,,,
68th St-Hunter College,40.768141,-73.96387,6,,,,,,,,,,
59th St,40.762526,-73.967967,N,Q,R,4,5,6,,,,,
51st St,40.757107,-73.97192,E,M,6,,,,,,,,
51st St,40.757107,-73.97192,E,M,6,,,,,,,,
51st St,40.757107,-73.97192,E,M,6,,,,,,,,
51st St,40.757107,-73.97192,E,M,6,,,,,,,,
33rd St,40.746081,-73.982076,6,,,,,,,,,,
33rd St,40.746081,-73.982076,6,,,,,,,,,,
33rd St,40.746081,-73.982076,6,,,,,,,,,,
28th St,40.74307,-73.984264,6,,,,,,,,,,
28th St,40.74307,-73.984264,6,,,,,,,,,,
28th St,40.74307,-73.984264,6,,,,,,,,,,
28th St,40.74307,-73.984264,6,,,,,,,,,,
23rd St,40.739864,-73.986599,6,,,,,,,,,,
23rd St,40.739864,-73.986599,6,,,,,,,,,,
23rd St,40.739864,-73.986599,6,,,,,,,,,,
14th St-Union Square,40.734673,-73.989951,L,N,Q,R,4,5,6,,,,
14th St-Union Square,40.734673,-73.989951,L,N,Q,R,4,5,6,,,,
14th St-Union Square,40.734673,-73.989951,L,N,Q,R,4,5,6,,,,
Astor Place,40.730054,-73.99107,6,,,,,,,,,,
Bleecker St,40.725915,-73.994659,B,D,F,M,6,,,,,,
Bleecker St,40.725915,-73.994659,B,D,F,M,6,,,,,,
Bleecker St,40.725915,-73.994659,B,D,F,M,6,,,,,,
Bleecker St,40.725915,-73.994659,B,D,F,M,6,,,,,,
Bleecker St,40.725915,-73.994659,B,D,F,M,6,,,,,,
Spring St,40.722301,-73.997141,6,,,,,,,,,,
Spring St,40.722301,-73.997141,6,,,,,,,,,,
Canal St,40.718803,-74.000193,J,N,Q,R,Z,6,,,,,
Canal St,40.718803,-74.000193,J,N,Q,R,Z,6,,,,,
Brooklyn Bridge-City Hall,40.712868,-74.004806,J,Z,4,5,6,,,,,,
Brooklyn Bridge-City Hall,40.712723,-74.004971,J,Z,4,5,6,,,,,,
Brooklyn Bridge-City Hall,40.712333,-74.004387,J,Z,4,5,6,,,,,,
Brooklyn Bridge-City Hall,40.711857,-74.005114,J,Z,4,5,6,,,,,,
Brooklyn Bridge-City Hall,40.711824,-74.005057,J,Z,4,5,6,,,,,,
Brooklyn Bridge-City Hall,40.713813,-74.003907,J,Z,4,5,6,,,,,,
Brooklyn Bridge-City Hall,40.713889,-74.003654,J,Z,4,5,6,,,,,,
Wall St,40.707557,-74.011862,4,5,,,,,,,,,
Wall St,40.707557,-74.011862,4,5,,,,,,,,,
Wall St,40.707557,-74.011862,4,5,,,,,,,,,
Bowling Green,40.704817,-74.014065,4,5,,,,,,,,,
Bowling Green,40.704817,-74.014065,4,5,,,,,,,,,
Borough Hall,40.692404,-73.990151,R,2,3,4,5,,,,,,
Borough Hall,40.692404,-73.990151,R,2,3,4,5,,,,,,
Borough Hall,40.692404,-73.990151,R,2,3,4,5,,,,,,
Borough Hall,40.692404,-73.990151,R,2,3,4,5,,,,,,
Wakefield-241st St,40.903125,-73.85062,2,5,,,,,,,,,
Wakefield-241st St,40.903125,-73.85062,2,5,,,,,,,,,
Wakefield-241st St,40.903125,-73.85062,2,5,,,,,,,,,
238th St-Nereid Av,40.898379,-73.854376,2,5,,,,,,,,,
238th St-Nereid Av,40.898379,-73.854376,2,5,,,,,,,,,
233rd St,40.893193,-73.857473,2,5,,,,,,,,,
233rd St,40.893193,-73.857473,2,5,,,,,,,,,
225th St,40.888022,-73.860341,2,5,,,,,,,,,
225th St,40.888022,-73.860341,2,5,,,,,,,,,
225th St,40.888022,-73.860341,2,5,,,,,,,,,
219th St,40.883895,-73.862633,2,5,,,,,,,,,
219th St,40.883895,-73.862633,2,5,,,,,,,,,
Gun Hill Rd,40.87785,-73.866256,2,5,,,,,,,,,
Gun Hill Rd,40.87785,-73.866256,2,5,,,,,,,,,
Burke Av,40.871356,-73.867164,2,5,,,,,,,,,
Burke Av,40.871356,-73.867164,2,5,,,,,,,,,
Allerton Av,40.865462,-73.867352,2,5,,,,,,,,,
Allerton Av,40.865462,-73.867352,2,5,,,,,,,,,
Pelham Parkway,40.857192,-73.867615,2,5,,,,,,,,,
Pelham Parkway,40.857192,-73.867615,2,5,,,,,,,,,
Pelham Parkway,40.857192,-73.867615,2,5,,,,,,,,,
Bronx Park East,40.848828,-73.868457,2,5,,,,,,,,,
Bronx Park East,40.848828,-73.868457,2,5,,,,,,,,,
Bronx Park East,40.848828,-73.868457,2,5,,,,,,,,,
East 180th St,40.841894,-73.873488,2,5,,,,,,,,,
East 180th St,40.841894,-73.873488,2,5,,,,,,,,,
East Tremont Av-West Farms Sq,40.840295,-73.880049,2,5,,,,,,,,,
East Tremont Av-West Farms Sq,40.840295,-73.880049,2,5,,,,,,,,,
East Tremont Av-West Farms Sq,40.840295,-73.880049,2,5,,,,,,,,,
East Tremont Av-West Farms Sq,40.840295,-73.880049,2,5,,,,,,,,,
East Tremont Av-West Farms Sq,40.840295,-73.880049,2,5,,,,,,,,,
174th St,40.837288,-73.887734,2,5,,,,,,,,,
174th St,40.837288,-73.887734,2,5,,,,,,,,,
Freeman St,40.829993,-73.891865,2,5,,,,,,,,,
Freeman St,40.829993,-73.891865,2,5,,,,,,,,,
Simpson St,40.824073,-73.893064,2,5,,,,,,,,,
Simpson St,40.824073,-73.893064,2,5,,,,,,,,,
Simpson St,40.824073,-73.893064,2,5,,,,,,,,,
Intervale Av,40.822181,-73.896736,2,5,,,,,,,,,
Intervale Av,40.822181,-73.896736,2,5,,,,,,,,,
Intervale Av,40.822181,-73.896736,2,5,,,,,,,,,
Prospect Av,40.819585,-73.90177,2,5,,,,,,,,,
Prospect Av,40.819585,-73.90177,2,5,,,,,,,,,
Jackson Av,40.81649,-73.907807,2,5,,,,,,,,,
Jackson Av,40.81649,-73.907807,2,5,,,,,,,,,
Jackson Av,40.81649,-73.907807,2,5,,,,,,,,,
Jackson Av,40.81649,-73.907807,2,5,,,,,,,,,
149th St-3rd Av,40.816109,-73.917757,2,5,,,,,,,,,
149th St-3rd Av,40.816109,-73.917757,2,5,,,,,,,,,
149th St-3rd Av,40.816109,-73.917757,2,5,,,,,,,,,
149th St-3rd Av,40.816109,-73.917757,2,5,,,,,,,,,
Harlem-148th St,40.82388,-73.93647,3,,,,,,,,,,
145th St,40.820421,-73.936245,3,,,,,,,,,,
145th St,40.820421,-73.936245,3,,,,,,,,,,
135th St,40.814229,-73.94077,2,3,,,,,,,,,
135th St,40.814229,-73.94077,2,3,,,,,,,,,
125th St,40.807754,-73.945495,2,3,,,,,,,,,
125th St,40.807754,-73.945495,2,3,,,,,,,,,
116th St,40.802098,-73.949625,2,3,,,,,,,,,
116th St,40.802098,-73.949625,2,3,,,,,,,,,
110th St-Central Park North,40.799075,-73.951822,2,3,,,,,,,,,
Flushing-Main St,40.7596,-73.83003,7,,,,,,,,,,
Flushing-Main St,40.7596,-73.83003,7,,,,,,,,,,
Flushing-Main St,40.7596,-73.83003,7,,,,,,,,,,
Flushing-Main St,40.7596,-73.83003,7,,,,,,,,,,
Flushing-Main St,40.7596,-73.83003,7,,,,,,,,,,
Mets - Willets Point,40.754622,-73.845625,7,,,,,,,,,,
Mets - Willets Point,40.754622,-73.845625,7,,,,,,,,,,
Mets - Willets Point,40.754622,-73.845625,7,,,,,,,,,,
Mets - Willets Point,40.754622,-73.845625,7,,,,,,,,,,
111th St,40.75173,-73.855334,7,,,,,,,,,,
111th St,40.75173,-73.855334,7,,,,,,,,,,
111th St,40.75173,-73.855334,7,,,,,,,,,,
103rd St,40.749865,-73.8627,7,,,,,,,,,,
103rd St,40.749865,-73.8627,7,,,,,,,,,,
103rd St,40.749865,-73.8627,7,,,,,,,,,,
103rd St,40.749865,-73.8627,7,,,,,,,,,,
Junction Blvd,40.749145,-73.869527,7,,,,,,,,,,
Junction Blvd,40.749145,-73.869527,7,,,,,,,,,,
Junction Blvd,40.749145,-73.869527,7,,,,,,,,,,
Junction Blvd,40.749145,-73.869527,7,,,,,,,,,,
Junction Blvd,40.749145,-73.869527,7,,,,,,,,,,
90th St Elmhurst,40.748408,-73.876613,7,,,,,,,,,,
90th St Elmhurst,40.748408,-73.876613,7,,,,,,,,,,
90th St Elmhurst,40.748408,-73.876613,7,,,,,,,,,,
82nd St-Jackson Heights,40.747659,-73.883697,7,,,,,,,,,,
82nd St-Jackson Heights,40.747659,-73.883697,7,,,,,,,,,,
82nd St-Jackson Heights,40.747659,-73.883697,7,,,,,,,,,,
Fisk Av-69th St,40.746325,-73.896403,7,,,,,,,,,,
Fisk Av-69th St,40.746325,-73.896403,7,,,,,,,,,,
Woodside Av-61st St,40.74563,-73.902984,7,,,,,,,,,,
Woodside Av-61st St,40.74563,-73.902984,7,,,,,,,,,,
Woodside Av-61st St,40.74563,-73.902984,7,,,,,,,,,,
Lincoln Av-52nd St,40.744149,-73.912549,7,,,,,,,,,,
Lincoln Av-52nd St,40.744149,-73.912549,7,,,,,,,,,,
Lincoln Av-52nd St,40.744149,-73.912549,7,,,,,,,,,,
Lincoln Av-52nd St,40.744149,-73.912549,7,,,,,,,,,,
Bliss St-46th St,40.743132,-73.918435,7,,,,,,,,,,
Bliss St-46th St,40.743132,-73.918435,7,,,,,,,,,,
Bliss St-46th St,40.743132,-73.918435,7,,,,,,,,,,
Bliss St-46th St,40.743132,-73.918435,7,,,,,,,,,,
Lowery St-40th St,40.743781,-73.924016,7,,,,,,,,,,
Lowery St-40th St,40.743781,-73.924016,7,,,,,,,,,,
Lowery St-40th St,40.743781,-73.924016,7,,,,,,,,,,
Lowery St-40th St,40.743781,-73.924016,7,,,,,,,,,,
Rawson St-33rd St,40.744587,-73.930997,7,,,,,,,,,,
Rawson St-33rd St,40.744587,-73.930997,7,,,,,,,,,,
Rawson St-33rd St,40.744587,-73.930997,7,,,,,,,,,,
Rawson St-33rd St,40.744587,-73.930997,7,,,,,,,,,,
Queensboro Plaza,40.750582,-73.940202,N,Q,7,,,,,,,,
Queensboro Plaza,40.750582,-73.940202,N,Q,7,,,,,,,,
45 Rd-Court House Sq,40.747023,-73.945264,E,G,M,7,,,,,,,
45 Rd-Court House Sq,40.747023,-73.945264,E,G,M,7,,,,,,,
45 Rd-Court House Sq,40.747023,-73.945264,E,G,M,7,,,,,,,
Hunters Point,40.742216,-73.948916,7,,,,,,,,,,
Hunters Point,40.742216,-73.948916,7,,,,,,,,,,
Hunters Point,40.742216,-73.948916,7,,,,,,,,,,
Vernon Blvd-Jackson Av,40.742626,-73.953581,7,,,,,,,,,,
Vernon Blvd-Jackson Av,40.742626,-73.953581,7,,,,,,,,,,
5th Av,40.753821,-73.981963,B,D,F,M,7,,,,,,
South Ferry,40.702068,-74.013664,R,1,,,,,,,,,
South Ferry,40.702068,-74.013664,R,1,,,,,,,,,
South Ferry,40.702068,-74.013664,R,1,,,,,,,,,
South Ferry,40.702068,-74.013664,R,1,,,,,,,,,
Lexington Av,40.76266,-73.967258,N,Q,R,4,5,6,,,,,
Lexington Av,40.76266,-73.967258,N,Q,R,4,5,6,,,,,
Lexington Av,40.76266,-73.967258,N,Q,R,4,5,6,,,,,
Lexington Av,40.76266,-73.967258,N,Q,R,4,5,6,,,,,
5th Av,40.764811,-73.973347,N,Q,R,,,,,,,,
5th Av,40.764811,-73.973347,N,Q,R,,,,,,,,
5th Av,40.764811,-73.973347,N,Q,R,,,,,,,,
57th St,40.764664,-73.980658,N,Q,R,,,,,,,,
57th St,40.764664,-73.980658,N,Q,R,,,,,,,,
57th St,40.764664,-73.980658,N,Q,R,,,,,,,,
57th St,40.764664,-73.980658,N,Q,R,,,,,,,,
49th St,40.759901,-73.984139,N,Q,R,,,,,,,,
49th St,40.759901,-73.984139,N,Q,R,,,,,,,,
49th St,40.759901,-73.984139,N,Q,R,,,,,,,,
49th St,40.759901,-73.984139,N,Q,R,,,,,,,,
49th St,40.759901,-73.984139,N,Q,R,,,,,,,,
Times Square-42nd St,40.754672,-73.986754,A,C,E,N,Q,R,S,1,2,3,7
Times Square-42nd St,40.754672,-73.986754,A,C,E,N,Q,R,S,1,2,3,7
Times Square-42nd St,40.754672,-73.986754,A,C,E,N,Q,R,S,1,2,3,7
Times Square-42nd St,40.754672,-73.986754,A,C,E,N,Q,R,S,1,2,3,7
34th St,40.749567,-73.98795,B,D,F,M,N,Q,R,,,,
34th St,40.749567,-73.98795,B,D,F,M,N,Q,R,,,,
34th St,40.749567,-73.98795,B,D,F,M,N,Q,R,,,,
34th St,40.749567,-73.98795,B,D,F,M,N,Q,R,,,,
28th St,40.745494,-73.988691,N,R,,,,,,,,,
28th St,40.745494,-73.988691,N,R,,,,,,,,,
23rd St,40.741303,-73.989344,N,R,,,,,,,,,
23rd St,40.741303,-73.989344,N,R,,,,,,,,,
23rd St,40.741303,-73.989344,N,R,,,,,,,,,
23rd St,40.741303,-73.989344,N,R,,,,,,,,,
Union Square,40.735736,-73.990568,L,N,Q,R,4,5,6,,,,
Union Square,40.735736,-73.990568,L,N,Q,R,4,5,6,,,,
8th St,40.730328,-73.992629,N,R,,,,,,,,,
8th St,40.730328,-73.992629,N,R,,,,,,,,,
8th St,40.730328,-73.992629,N,R,,,,,,,,,
8th St,40.730328,-73.992629,N,R,,,,,,,,,
8th St,40.730328,-73.992629,N,R,,,,,,,,,
Prince St,40.724329,-73.997702,N,R,,,,,,,,,
Prince St,40.724329,-73.997702,N,R,,,,,,,,,
Canal St (UL),40.719527,-74.001775,J,N,Q,R,Z,6,,,,,
Canal St (UL),40.719527,-74.001775,J,N,Q,R,Z,6,,,,,
Canal St (UL),40.719527,-74.001775,J,N,Q,R,Z,6,,,,,
Canal St (UL),40.719527,-74.001775,J,N,Q,R,Z,6,,,,,
Cortlandt St,40.710668,-74.011029,R,,,,,,,,,,
Cortlandt St,40.710668,-74.011029,R,,,,,,,,,,
Rector St,40.70722,-74.013342,R,,,,,,,,,,
Rector St,40.70722,-74.013342,R,,,,,,,,,,
Rector St,40.70722,-74.013342,R,,,,,,,,,,
Rector St,40.70722,-74.013342,R,,,,,,,,,,
Rector St,40.70722,-74.013342,R,,,,,,,,,,
Rector St,40.70722,-74.013342,R,,,,,,,,,,
Whitehall St,40.703087,-74.012994,R,1,,,,,,,,,
Whitehall St,40.703087,-74.012994,R,1,,,,,,,,,
Whitehall St,40.703087,-74.012994,R,1,,,,,,,,,
Court St,40.6941,-73.991777,R,2,3,4,5,,,,,,
Court St,40.6941,-73.991777,R,2,3,4,5,,,,,,
Court St,40.6941,-73.991777,R,2,3,4,5,,,,,,
Lawrence St,40.69218,-73.985942,A,C,F,R,,,,,,,
Lawrence St,40.69218,-73.985942,A,C,F,R,,,,,,,
Lawrence St,40.69218,-73.985942,A,C,F,R,,,,,,,
DeKalb Av,40.690635,-73.981824,B,Q,R,,,,,,,,
DeKalb Av,40.690635,-73.981824,B,Q,R,,,,,,,,
Union St,40.677316,-73.98311,R,,,,,,,,,,
9th St,40.670847,-73.988302,F,G,R,,,,,,,,
Prospect Av,40.665414,-73.992872,R,,,,,,,,,,
25th St,40.660397,-73.998091,R,,,,,,,,,,
53rd St,40.645069,-74.014034,R,,,,,,,,,,
59th St,40.641362,-74.017881,N,R,,,,,,,,,
59th St,40.641362,-74.017881,N,R,,,,,,,,,
Bay Ridge Av,40.634967,-74.023377,R,,,,,,,,,,
77th St,40.629742,-74.02551,R,,,,,,,,,,
86th St,40.622687,-74.028398,R,,,,,,,,,,
95th St,40.616622,-74.030876,R,,,,,,,,,,
95th St,40.616622,-74.030876,R,,,,,,,,,,
Atlantic Av,40.68446,-73.97689,B,Q,D,N,R,2,3,4,5,,
Prospect Park,40.661614,-73.962246,B,Q,FS,,,,,,,,
Prospect Park,40.661614,-73.962246,B,Q,FS,,,,,,,,
Parkside Av,40.655292,-73.961495,B,Q,,,,,,,,,
Church Av,40.650527,-73.962982,B,Q,,,,,,,,,
Av J,40.625039,-73.960803,B,Q,,,,,,,,,
Av J,40.625039,-73.960803,B,Q,,,,,,,,,
Av M,40.617618,-73.959399,B,Q,,,,,,,,,
Kings Highway,40.60867,-73.957734,B,Q,,,,,,,,,
Sheepshead Bay,40.586896,-73.954155,B,Q,,,,,,,,,
Brighton Beach,40.577621,-73.961376,B,Q,,,,,,,,,
Brighton Beach,40.577621,-73.961376,B,Q,,,,,,,,,
Brighton Beach,40.577621,-73.961376,B,Q,,,,,,,,,
Brighton Beach,40.577621,-73.961376,B,Q,,,,,,,,,
Ocean Parkway,40.576312,-73.968501,Q,,,,,,,,,,
Ocean Parkway,40.576312,-73.968501,Q,,,,,,,,,,
West 8th St,40.576127,-73.975939,F,Q,,,,,,,,,
West 8th St,40.576127,-73.975939,F,Q,,,,,,,,,
Stillwell Av,40.577422,-73.981233,D,F,N,Q,,,,,,,
62nd St,40.626472,-73.996895,D,N,,,,,,,,,
62nd St,40.626472,-73.996895,D,N,,,,,,,,,
62nd St,40.626472,-73.996895,D,N,,,,,,,,,
Fort Hamilton Parkway,40.631386,-74.005351,N,,,,,,,,,,
New Utrecht Av,40.624842,-73.996353,D,N,,,,,,,,,
18th Av,40.620671,-73.990414,N,,,,,,,,,,
Bay Parkway-22nd Av,40.611815,-73.981848,N,,,,,,,,,,
Kings Highway,40.603923,-73.980353,N,,,,,,,,,,
Av U,40.597473,-73.979137,N,,,,,,,,,,
121st St,40.700492,-73.828294,J,Z,,,,,,,,,
Woodhaven Blvd,40.693879,-73.851576,J,Z,,,,,,,,,
Marcy Av,40.708359,-73.957757,J,M,Z,,,,,,,,
Marcy Av,40.708359,-73.957757,J,M,Z,,,,,,,,
Marcy Av,40.708359,-73.957757,J,M,Z,,,,,,,,
Marcy Av,40.708359,-73.957757,J,M,Z,,,,,,,,
Marcy Av,40.708359,-73.957757,J,M,Z,,,,,,,,
Canal St,40.718092,-73.999892,J,N,Q,R,Z,6,,,,,
Chambers St,40.713243,-74.003401,J,Z,4,5,6,,,,,,
Chambers St,40.71419,-74.003199,J,Z,4,5,6,,,,,,
Fulton St,40.710374,-74.007582,A,C,J,Z,2,3,4,5,,,
Fulton St,40.710374,-74.007582,A,C,J,Z,2,3,4,5,,,
Fulton St,40.710374,-74.007582,A,C,J,Z,2,3,4,5,,,
Fulton St,40.710374,-74.007582,A,C,J,Z,2,3,4,5,,,
Fulton St,40.710374,-74.007582,A,C,J,Z,2,3,4,5,,,
Fulton St,40.710374,-74.007582,A,C,J,Z,2,3,4,5,,,
Broad St,40.706476,-74.011056,J,Z,,,,,,,,,
Broad St,40.706476,-74.011056,J,Z,,,,,,,,,
Broad St,40.706476,-74.011056,J,Z,,,,,,,,,
Broad St,40.706476,-74.011056,J,Z,,,,,,,,,
Broad St,40.706476,-74.011056,J,Z,,,,,,,,,
6th Av,40.737335,-73.996786,F,L,M,1,2,3,,,,,
6th Av,40.737335,-73.996786,F,L,M,1,2,3,,,,,
Union Square,40.734789,-73.99073,L,N,Q,R,4,5,6,,,,
Union Square,40.734789,-73.99073,L,N,Q,R,4,5,6,,,,
3rd Av,40.732849,-73.986122,L,,,,,,,,,,
3rd Av,40.732849,-73.986122,L,,,,,,,,,,
1st Av,40.730953,-73.981628,L,,,,,,,,,,
1st Av,40.730953,-73.981628,L,,,,,,,,,,
Bedford Av,40.717304,-73.956872,L,,,,,,,,,,
Bedford Av,40.717304,-73.956872,L,,,,,,,,,,
Lorimer St,40.714063,-73.950275,G,L,,,,,,,,,
Lorimer St,40.714063,-73.950275,G,L,,,,,,,,,
Graham Av,40.714565,-73.944053,L,,,,,,,,,,
Graham Av,40.714565,-73.944053,L,,,,,,,,,,
Grand St,40.711926,-73.94067,L,,,,,,,,,,
Grand St,40.711926,-73.94067,L,,,,,,,,,,
DeKalb Av,40.703811,-73.918425,L,,,,,,,,,,
DeKalb Av,40.703811,-73.918425,L,,,,,,,,,,
Myrtle Av,40.699814,-73.911586,L,M,,,,,,,,,
Myrtle Av,40.699814,-73.911586,L,M,,,,,,,,,
Myrtle Av,40.699814,-73.911586,L,M,,,,,,,,,
Halsey St,40.695602,-73.904084,L,,,,,,,,,,
Halsey St,40.695602,-73.904084,L,,,,,,,,,,
Livonia Av,40.664038,-73.900571,L,,,,,,,,,,
Inwood - 207th St,40.868072,-73.919899,A,,,,,,,,,,
Inwood - 207th St,40.868072,-73.919899,A,,,,,,,,,,
Dyckman St-200th St,40.865491,-73.927271,A,,,,,,,,,,
Dyckman St-200th St,40.865491,-73.927271,A,,,,,,,,,,
Dyckman St-200th St,40.865491,-73.927271,A,,,,,,,,,,
Dyckman St-200th St,40.865491,-73.927271,A,,,,,,,,,,
181st St,40.851695,-73.937969,A,,,,,,,,,,
181st St,40.851695,-73.937969,A,,,,,,,,,,
181st St,40.851695,-73.937969,A,,,,,,,,,,
175th St,40.847391,-73.939704,A,,,,,,,,,,
175th St,40.847391,-73.939704,A,,,,,,,,,,
168th St - Washington Heights,40.840719,-73.939561,A,C,,,,,,,,,
168th St - Washington Heights,40.840719,-73.939561,A,C,,,,,,,,,
168th St - Washington Heights,40.840719,-73.939561,A,C,,,,,,,,,
145th St,40.824783,-73.944216,A,B,C,D,,,,,,,
145th St,40.824783,-73.944216,A,B,C,D,,,,,,,
135th St,40.817894,-73.947649,B,C,,,,,,,,,
135th St,40.817894,-73.947649,B,C,,,,,,,,,
135th St,40.817894,-73.947649,B,C,,,,,,,,,
135th St,40.817894,-73.947649,B,C,,,,,,,,,
135th St,40.817894,-73.947649,B,C,,,,,,,,,
125th St,40.811109,-73.952343,A,B,C,D,,,,,,,
125th St,40.811109,-73.952343,A,B,C,D,,,,,,,
116th St,40.805085,-73.954882,B,C,,,,,,,,,
116th St,40.805085,-73.954882,B,C,,,,,,,,,
Cathedral Parkway-110th St,40.800605,-73.958158,B,C,,,,,,,,,
96th St,40.791646,-73.964699,B,C,,,,,,,,,
96th St,40.791646,-73.964699,B,C,,,,,,,,,
86th St,40.785868,-73.968916,B,C,,,,,,,,,
86th St,40.785868,-73.968916,B,C,,,,,,,,,
81st St - Museum of Natural History,40.781433,-73.972143,B,C,,,,,,,,,
81st St - Museum of Natural History,40.781433,-73.972143,B,C,,,,,,,,,
72nd St,40.775594,-73.97641,B,C,,,,,,,,,
59th St,40.768296,-73.981736,A,B,C,D,1,,,,,,
50th St,40.762456,-73.985984,C,E,,,,,,,,,
50th St,40.762456,-73.985984,C,E,,,,,,,,,
42nd St,40.757308,-73.989735,A,C,E,N,Q,R,S,1,2,3,7
42nd St,40.757308,-73.989735,A,C,E,N,Q,R,S,1,2,3,7
42nd St,40.757308,-73.989735,A,C,E,N,Q,R,S,1,2,3,7
34th St,40.752287,-73.993391,A,C,E,,,,,,,,
34th St,40.752287,-73.993391,A,C,E,,,,,,,,
34th St,40.752287,-73.993391,A,C,E,,,,,,,,
34th St,40.752287,-73.993391,A,C,E,,,,,,,,
34th St,40.752287,-73.993391,A,C,E,,,,,,,,
34th St,40.752287,-73.993391,A,C,E,,,,,,,,
34th St,40.752287,-73.993391,A,C,E,,,,,,,,
34th St,40.752287,-73.993391,A,C,E,,,,,,,,
23rd St,40.745906,-73.998041,C,E,,,,,,,,,
23rd St,40.745906,-73.998041,C,E,,,,,,,,,
23rd St,40.745906,-73.998041,C,E,,,,,,,,,
23rd St,40.745906,-73.998041,C,E,,,,,,,,,
23rd St,40.745906,-73.998041,C,E,,,,,,,,,
23rd St,40.745906,-73.998041,C,E,,,,,,,,,
23rd St,40.745906,-73.998041,C,E,,,,,,,,,
23rd St,40.745906,-73.998041,C,E,,,,,,,,,
23rd St,40.745906,-73.998041,C,E,,,,,,,,,
West 4th St,40.732338,-74.000495,A,B,C,D,E,F,M,,,,
West 4th St,40.732338,-74.000495,A,B,C,D,E,F,M,,,,
West 4th St,40.732338,-74.000495,A,B,C,D,E,F,M,,,,
Spring St,40.726227,-74.003739,C,E,,,,,,,,,
Spring St,40.726227,-74.003739,C,E,,,,,,,,,
Canal St,40.720824,-74.005229,A,C,E,,,,,,,,
Chambers St,40.714111,-74.008585,A,C,E,2,3,,,,,,
Chambers St,40.714111,-74.008585,A,C,E,2,3,,,,,,
Chambers St,40.714111,-74.008585,A,C,E,2,3,,,,,,
Chambers St,40.714111,-74.008585,A,C,E,2,3,,,,,,
Chambers St,40.714111,-74.008585,A,C,E,2,3,,,,,,
Chambers St,40.714111,-74.008585,A,C,E,2,3,,,,,,
Chambers St,40.714111,-74.008585,A,C,E,2,3,,,,,,
High St,40.699337,-73.990531,A,C,J,Z,2,3,4,5,,,
High St,40.699337,-73.990531,A,C,J,Z,2,3,4,5,,,
Jay St - Borough Hall,40.692338,-73.987342,A,C,F,R,,,,,,,
Jay St - Borough Hall,40.692338,-73.987342,A,C,F,R,,,,,,,
Jay St - Borough Hall,40.692338,-73.987342,A,C,F,R,,,,,,,
Jay St - Borough Hall,40.692338,-73.987342,A,C,F,R,,,,,,,
Jay St - Borough Hall,40.692338,-73.987342,A,C,F,R,,,,,,,
Jay St - Borough Hall,40.692338,-73.987342,A,C,F,R,,,,,,,
Jay St - Borough Hall,40.692338,-73.987342,A,C,F,R,,,,,,,
Clinton & Washington Avs,40.683263,-73.965838,C,,,,,,,,,,
Clinton & Washington Avs,40.683263,-73.965838,C,,,,,,,,,,
Franklin Av,40.68138,-73.956848,A,C,FS,,,,,,,,
Nostrand Av,40.680438,-73.950426,A,C,,,,,,,,,
Nostrand Av,40.680438,-73.950426,A,C,,,,,,,,,
Kingston-Throop,40.679921,-73.940858,A,C,,,,,,,,,
Kingston-Throop,40.679921,-73.940858,A,C,,,,,,,,,
Utica Av,40.679364,-73.930729,A,C,,,,,,,,,
Utica Av,40.679364,-73.930729,A,C,,,,,,,,,
Rockaway Av,40.67834,-73.911946,A,C,,,,,,,,,
Rockaway Av,40.67834,-73.911946,A,C,,,,,,,,,
80th St-Hudson St,40.679371,-73.858992,A,,,,,,,,,,
80th St-Hudson St,40.679371,-73.858992,A,,,,,,,,,,
Rockaway Blvd,40.680429,-73.843853,A,,,,,,,,,,
Rockaway Blvd,40.680429,-73.843853,A,,,,,,,,,,
111th St-Greenwood Av,40.684331,-73.832163,A,,,,,,,,,,
111th St-Greenwood Av,40.684331,-73.832163,A,,,,,,,,,,
Lefferts Blvd,40.685951,-73.825798,A,,,,,,,,,,
Lefferts Blvd,40.685951,-73.825798,A,,,,,,,,,,
Aqueduct-North Conduit Av,40.668234,-73.834058,A,,,,,,,,,,
Howard Beach,40.660476,-73.830301,A,,,,,,,,,,
Norwood-205th St,40.874811,-73.878855,D,,,,,,,,,,
Norwood-205th St,40.874811,-73.878855,D,,,,,,,,,,
Bedford Park Blvd,40.873244,-73.887138,B,D,,,,,,,,,
Bedford Park Blvd,40.873244,-73.887138,B,D,,,,,,,,,
Kingsbridge Rd,40.866978,-73.893509,B,D,,,,,,,,,
Kingsbridge Rd,40.866978,-73.893509,B,D,,,,,,,,,
Kingsbridge Rd,40.866978,-73.893509,B,D,,,,,,,,,
Fordham Rd,40.861296,-73.897749,B,D,,,,,,,,,
Fordham Rd,40.861296,-73.897749,B,D,,,,,,,,,
Tremont Av,40.85041,-73.905227,B,D,,,,,,,,,
Tremont Av,40.85041,-73.905227,B,D,,,,,,,,,
174-175th Sts,40.8459,-73.910136,B,D,,,,,,,,,
174-175th Sts,40.8459,-73.910136,B,D,,,,,,,,,
170th St,40.839306,-73.9134,B,D,,,,,,,,,
170th St,40.839306,-73.9134,B,D,,,,,,,,,
170th St,40.839306,-73.9134,B,D,,,,,,,,,
167th St,40.833769,-73.918432,B,D,,,,,,,,,
Yankee Stadium-161st St,40.827905,-73.925651,B,D,4,,,,,,,,
Yankee Stadium-161st St,40.827905,-73.925651,B,D,4,,,,,,,,
Yankee Stadium-161st St,40.827905,-73.925651,B,D,4,,,,,,,,
47-50th Sts Rockefeller Center,40.758663,-73.981329,B,D,F,M,,,,,,,
47-50th Sts Rockefeller Center,40.758663,-73.981329,B,D,F,M,,,,,,,
47-50th Sts Rockefeller Center,40.758663,-73.981329,B,D,F,M,,,,,,,
47-50th Sts Rockefeller Center,40.758663,-73.981329,B,D,F,M,,,,,,,
47-50th Sts Rockefeller Center,40.758663,-73.981329,B,D,F,M,,,,,,,
47-50th Sts Rockefeller Center,40.758663,-73.981329,B,D,F,M,,,,,,,
47-50th Sts Rockefeller Center,40.758663,-73.981329,B,D,F,M,,,,,,,
47-50th Sts Rockefeller Center,40.758663,-73.981329,B,D,F,M,,,,,,,
47-50th Sts Rockefeller Center,40.758663,-73.981329,B,D,F,M,,,,,,,
42nd St,40.754222,-73.984569,B,D,F,M,7,,,,,,
42nd St,40.754222,-73.984569,B,D,F,M,7,,,,,,
42nd St,40.754222,-73.984569,B,D,F,M,7,,,,,,
42nd St,40.754222,-73.984569,B,D,F,M,7,,,,,,
42nd St,40.754222,-73.984569,B,D,F,M,7,,,,,,
42nd St,40.754222,-73.984569,B,D,F,M,7,,,,,,
42nd St,40.754222,-73.984569,B,D,F,M,7,,,,,,
34th St,40.749719,-73.987823,B,D,F,M,N,Q,R,,,,
34th St,40.749719,-73.987823,B,D,F,M,N,Q,R,,,,
34th St,40.749719,-73.987823,B,D,F,M,N,Q,R,,,,
34th St,40.749719,-73.987823,B,D,F,M,N,Q,R,,,,
34th St,40.749719,-73.987823,B,D,F,M,N,Q,R,,,,
23rd St,40.742878,-73.992821,F,M,,,,,,,,,
23rd St,40.742878,-73.992821,F,M,,,,,,,,,
23rd St,40.742878,-73.992821,F,M,,,,,,,,,
23rd St,40.742878,-73.992821,F,M,,,,,,,,,
14th St,40.738228,-73.996209,F,L,M,1,2,3,,,,,
14th St,40.738228,-73.996209,F,L,M,1,2,3,,,,,
14th St,40.738228,-73.996209,F,L,M,1,2,3,,,,,
14th St,40.738228,-73.996209,F,L,M,1,2,3,,,,,
14th St,40.738228,-73.996209,F,L,M,1,2,3,,,,,
14th St,40.738228,-73.996209,F,L,M,1,2,3,,,,,
Broadway-Lafayette St,40.725297,-73.996204,B,D,F,M,6,,,,,,
2nd Av,40.723402,-73.989938,F,,,,,,,,,,
2nd Av,40.723402,-73.989938,F,,,,,,,,,,
Delancey St,40.718611,-73.988114,F,J,M,Z,,,,,,,
Delancey St,40.718611,-73.988114,F,J,M,Z,,,,,,,
East Broadway,40.713715,-73.990173,F,,,,,,,,,,
East Broadway,40.713715,-73.990173,F,,,,,,,,,,
East Broadway,40.713715,-73.990173,F,,,,,,,,,,
Bergen St,40.686145,-73.990862,F,G,,,,,,,,,
Bergen St,40.686145,-73.990862,F,G,,,,,,,,,
Bergen St,40.686145,-73.990862,F,G,,,,,,,,,
Bergen St,40.686145,-73.990862,F,G,,,,,,,,,
Carroll St,40.680303,-73.995048,F,G,,,,,,,,,
Carroll St,40.680303,-73.995048,F,G,,,,,,,,,
Carroll St,40.680303,-73.995048,F,G,,,,,,,,,
Prospect Park-15 St,40.660365,-73.979493,F,,,,,,,,,,
Prospect Park-15 St,40.660365,-73.979493,F,,,,,,,,,,
Prospect Park-15 St,40.660365,-73.979493,F,,,,,,,,,,
Prospect Park-15 St,40.660365,-73.979493,F,,,,,,,,,,
Fort Hamilton Parkway,40.650782,-73.975776,F,,,,,,,,,,
Church Av,40.644041,-73.979678,F,,,,,,,,,,
Church Av,40.644041,-73.979678,F,,,,,,,,,,
Ditmas Av,40.636119,-73.978172,F,,,,,,,,,,
Ditmas Av,40.636119,-73.978172,F,,,,,,,,,,
18th Av,40.629755,-73.976971,F,,,,,,,,,,
18th Av,40.629755,-73.976971,F,,,,,,,,,,
Av N,40.61514,-73.974197,F,,,,,,,,,,
Av N,40.61514,-73.974197,F,,,,,,,,,,
Kings Highway,40.603217,-73.972361,F,,,,,,,,,,
Kings Highway,40.603217,-73.972361,F,,,,,,,,,,
Jamaica-179th St,40.712646,-73.783817,F,,,,,,,,,,
Jamaica-179th St,40.712646,-73.783817,F,,,,,,,,,,
Jamaica-179th St,40.712646,-73.783817,F,,,,,,,,,,
Jamaica-179th St,40.712646,-73.783817,F,,,,,,,,,,
Jamaica-179th St,40.712646,-73.783817,F,,,,,,,,,,
Jamaica-179th St,40.712646,-73.783817,F,,,,,,,,,,
169th St,40.71047,-73.793604,F,,,,,,,,,,
169th St,40.71047,-73.793604,F,,,,,,,,,,
169th St,40.71047,-73.793604,F,,,,,,,,,,
169th St,40.71047,-73.793604,F,,,,,,,,,,
Parsons Blvd,40.707564,-73.803326,F,,,,,,,,,,
Parsons Blvd,40.707564,-73.803326,F,,,,,,,,,,
Parsons Blvd,40.707564,-73.803326,F,,,,,,,,,,
Sutphin Blvd,40.70546,-73.810708,F,,,,,,,,,,
Sutphin Blvd,40.70546,-73.810708,F,,,,,,,,,,
Kew Gardens-Union Turnpike,40.714441,-73.831008,E,F,,,,,,,,,
Kew Gardens-Union Turnpike,40.714441,-73.831008,E,F,,,,,,,,,
Kew Gardens-Union Turnpike,40.714441,-73.831008,E,F,,,,,,,,,
Kew Gardens-Union Turnpike,40.714441,-73.831008,E,F,,,,,,,,,
Forest Hills-71st Av,40.721691,-73.844521,e,F,M,R,,,,,,,
Forest Hills-71st Av,40.721691,-73.844521,E,F,M,R,,,,,,,
Forest Hills-71st Av,40.721691,-73.844521,E,F,M,R,,,,,,,
67th Av,40.726523,-73.852719,M,R,,,,,,,,,
67th Av,40.726523,-73.852719,M,R,,,,,,,,,
Woodhaven Blvd,40.733106,-73.869229,M,R,,,,,,,,,
Jackson Heights-Roosevelt Ave,40.746644,-73.891338,E,F,M,R,7,,,,,,
Jackson Heights-Roosevelt Ave,40.746644,-73.891338,E,F,M,R,7,,,,,,
Northern Blvd,40.752885,-73.906006,M,R,,,,,,,,,
46th St,40.756312,-73.913333,M,R,,,,,,,,,
46th St,40.756312,-73.913333,M,R,,,,,,,,,
46th St,40.756312,-73.913333,M,R,,,,,,,,,
Steinway St,40.756879,-73.92074,M,R,,,,,,,,,
Steinway St,40.756879,-73.92074,M,R,,,,,,,,,
36th St,40.752039,-73.928781,M,R,,,,,,,,,
36th St,40.752039,-73.928781,M,R,,,,,,,,,
36th St,40.752039,-73.928781,M,R,,,,,,,,,
Queens Plaza,40.748973,-73.937243,E,M,R,,,,,,,,
Queens Plaza,40.748973,-73.937243,E,M,R,,,,,,,,
23rd St-Ely Av,40.747846,-73.946,E,G,M,7,,,,,,,
Lexington Av-53rd St,40.757552,-73.969055,E,M,6,,,,,,,,
Lexington Av-53rd St,40.757552,-73.969055,E,M,6,,,,,,,,
5th Av-53rd St,40.760167,-73.975224,E,M,,,,,,,,,
5th Av-53rd St,40.760167,-73.975224,E,M,,,,,,,,,
7th Av,40.762862,-73.981637,B,D,E,,,,,,,,
7th Av,40.762862,-73.981637,B,D,E,,,,,,,,
Parsons Blvd-Archer Av - Jamaica Center,40.702147,-73.801109,E,J,Z,,,,,,,,
Parsons Blvd-Archer Av - Jamaica Center,40.702147,-73.801109,E,J,Z,,,,,,,,
Parsons Blvd-Archer Av - Jamaica Center,40.702147,-73.801109,E,J,Z,,,,,,,,
Greenpoint Av,40.731352,-73.954449,G,,,,,,,,,,
Greenpoint Av,40.731352,-73.954449,G,,,,,,,,,,
Nassau Av,40.724635,-73.951277,G,,,,,,,,,,
Nassau Av,40.724635,-73.951277,G,,,,,,,,,,
Metropolitan Av,40.712792,-73.951418,G,L,,,,,,,,,
Metropolitan Av,40.712792,-73.951418,G,L,,,,,,,,,
Flushing Av,40.700377,-73.950234,G,,,,,,,,,,
Myrtle-Willoughby Avs,40.694568,-73.949046,G,,,,,,,,,,
Bedford-Nostrand Avs,40.689627,-73.953522,G,,,,,,,,,,
Bedford-Nostrand Avs,40.689627,-73.953522,G,,,,,,,,,,
Bedford-Nostrand Avs,40.689627,-73.953522,G,,,,,,,,,,
Bedford-Nostrand Avs,40.689627,-73.953522,G,,,,,,,,,,
238th St,40.884667,-73.90087,1,,,,,,,,,,
231st St,40.878856,-73.904834,1,,,,,,,,,,
231st St,40.878856,-73.904834,1,,,,,,,,,,
Marble Hill-225th St,40.874561,-73.909831,1,,,,,,,,,,
215th St,40.869444,-73.915279,1,,,,,,,,,,
207th St,40.864614,-73.918819,1,,,,,,,,,,
168th St,40.840556,-73.940133,A,C,1,,,,,,,,
168th St,40.840556,-73.940133,A,C,1,,,,,,,,
157th St,40.834041,-73.94489,1,,,,,,,,,,
157th St,40.834041,-73.94489,1,,,,,,,,,,
145th St,40.826551,-73.95036,1,,,,,,,,,,
145th St,40.826551,-73.95036,1,,,,,,,,,,
137th St-City College,40.822008,-73.953676,1,,,,,,,,,,
137th St-City College,40.822008,-73.953676,1,,,,,,,,,,
116th St-Columbia University,40.807722,-73.96411,1,,,,,,,,,,
Cathedral Parkway-110th St,40.803967,-73.966847,1,,,,,,,,,,
Cathedral Parkway-110th St,40.803967,-73.966847,1,,,,,,,,,,
96th St,40.793919,-73.972323,1,2,3,,,,,,,,
86th St,40.788644,-73.976218,1,,,,,,,,,,
86th St,40.788644,-73.976218,1,,,,,,,,,,
79th St,40.783934,-73.979917,1,,,,,,,,,,
79th St,40.783934,-73.979917,1,,,,,,,,,,
72nd St,40.778453,-73.98197,1,2,3,,,,,,,,
66th St-Lincoln Center,40.77344,-73.982209,1,,,,,,,,,,
66th St-Lincoln Center,40.77344,-73.982209,1,,,,,,,,,,
66th St-Lincoln Center,40.77344,-73.982209,1,,,,,,,,,,
59th St-Columbus Circle,40.768247,-73.981929,A,B,C,D,1,,,,,,
59th St-Columbus Circle,40.768247,-73.981929,A,B,C,D,1,,,,,,
59th St-Columbus Circle,40.768247,-73.981929,A,B,C,D,1,,,,,,
50th St,40.761728,-73.983849,1,,,,,,,,,,
50th St,40.761728,-73.983849,1,,,,,,,,,,
Times Square,40.75529,-73.987495,A,C,E,N,Q,R,S,1,2,3,7
Times Square,40.75529,-73.987495,A,C,E,N,Q,R,S,1,2,3,7
Times Square,40.75529,-73.987495,A,C,E,N,Q,R,S,1,2,3,7
Times Square,40.75529,-73.987495,A,C,E,N,Q,R,S,1,2,3,7
34th St,40.750373,-73.991057,1,2,3,,,,,,,,
34th St,40.750373,-73.991057,1,2,3,,,,,,,,
34th St,40.750373,-73.991057,1,2,3,,,,,,,,
34th St,40.750373,-73.991057,1,2,3,,,,,,,,
34th St,40.750373,-73.991057,1,2,3,,,,,,,,
34th St,40.750373,-73.991057,1,2,3,,,,,,,,
34th St,40.750373,-73.991057,1,2,3,,,,,,,,
28th St,40.747215,-73.993365,1,,,,,,,,,,
28th St,40.747215,-73.993365,1,,,,,,,,,,
28th St,40.747215,-73.993365,1,,,,,,,,,,
28th St,40.747215,-73.993365,1,,,,,,,,,,
23rd St,40.744081,-73.995657,1,,,,,,,,,,
23rd St,40.744081,-73.995657,1,,,,,,,,,,
18th St,40.74104,-73.997871,1,,,,,,,,,,
18th St,40.74104,-73.997871,1,,,,,,,,,,
18th St,40.74104,-73.997871,1,,,,,,,,,,
18th St,40.74104,-73.997871,1,,,,,,,,,,
14th St,40.737826,-74.000201,F,L,M,1,2,3,,,,,
14th St,40.737826,-74.000201,F,L,M,1,2,3,,,,,
14th St,40.737826,-74.000201,F,L,M,1,2,3,,,,,
14th St,40.737826,-74.000201,F,L,M,1,2,3,,,,,
Christopher St,40.733422,-74.002906,1,,,,,,,,,,
Christopher St,40.733422,-74.002906,1,,,,,,,,,,
Christopher St,40.733422,-74.002906,1,,,,,,,,,,
Christopher St,40.733422,-74.002906,1,,,,,,,,,,
Houston St,40.728251,-74.005367,1,,,,,,,,,,
Houston St,40.728251,-74.005367,1,,,,,,,,,,
Houston St,40.728251,-74.005367,1,,,,,,,,,,
Houston St,40.728251,-74.005367,1,,,,,,,,,,
Houston St,40.728251,-74.005367,1,,,,,,,,,,
Houston St,40.728251,-74.005367,1,,,,,,,,,,
Canal St,40.722854,-74.006277,1,,,,,,,,,,
Canal St,40.722854,-74.006277,1,,,,,,,,,,
Franklin St,40.719318,-74.006886,1,,,,,,,,,,
Franklin St,40.719318,-74.006886,1,,,,,,,,,,
Franklin St,40.719318,-74.006886,1,,,,,,,,,,
Franklin St,40.719318,-74.006886,1,,,,,,,,,,
Rector St,40.707513,-74.013783,1,,,,,,,,,,
Rector St,40.707513,-74.013783,1,,,,,,,,,,
Rector St,40.707513,-74.013783,1,,,,,,,,,,
Rector St,40.707513,-74.013783,1,,,,,,,,,,
Wall St,40.706821,-74.0091,2,3,,,,,,,,,
Wall St,40.706821,-74.0091,2,3,,,,,,,,,
Wall St,40.706821,-74.0091,2,3,,,,,,,,,
Wall St,40.706821,-74.0091,2,3,,,,,,,,,
Hoyt St,40.690545,-73.985065,2,3,,,,,,,,,
Hoyt St,40.690545,-73.985065,2,3,,,,,,,,,
Hoyt St,40.690545,-73.985065,2,3,,,,,,,,,
Nevins St,40.688246,-73.980492,2,3,4,5,,,,,,,
Nevins St,40.688246,-73.980492,2,3,4,5,,,,,,,
Bergen St,40.680829,-73.975098,2,3,,,,,,,,,
Bergen St,40.680829,-73.975098,2,3,,,,,,,,,
Bergen St,40.680829,-73.975098,2,3,,,,,,,,,
Utica Av,40.668897,-73.932942,3,4,,,,,,,,,
Utica Av,40.668897,-73.932942,3,4,,,,,,,,,
Winthrop St,40.656652,-73.9502,2,5,,,,,,,,,
Church Av,40.650843,-73.949575,2,5,,,,,,,,,
Church Av,40.650843,-73.949575,2,5,,,,,,,,,
Church Av,40.650843,-73.949575,2,5,,,,,,,,,
Church Av,40.650843,-73.949575,2,5,,,,,,,,,
Beverly Rd,40.645098,-73.948959,2,5,,,,,,,,,
Newkirk Av,40.639967,-73.948411,2,5,,,,,,,,,
Flatbush Av-Brooklyn College,40.632836,-73.947642,2,5,,,,,,,,,
Flatbush Av-Brooklyn College,40.632836,-73.947642,2,5,,,,,,,,,
Flatbush Av-Brooklyn College,40.632836,-73.947642,2,5,,,,,,,,,
Hunts Point Av,40.820948,-73.890549,6,,,,,,,,,,
Longwood Av,40.816104,-73.896435,6,,,,,,,,,,
Longwood Av,40.816104,-73.896435,6,,,,,,,,,,
East 149th St,40.812118,-73.904098,6,,,,,,,,,,
East 149th St,40.812118,-73.904098,6,,,,,,,,,,
East 143rd St-St Mary's St,40.808719,-73.907657,6,,,,,,,,,,
East 143rd St-St Mary's St,40.808719,-73.907657,6,,,,,,,,,,
Cypress Av,40.805368,-73.914042,6,,,,,,,,,,
Cypress Av,40.805368,-73.914042,6,,,,,,,,,,
Brook Av,40.807566,-73.91924,6,,,,,,,,,,
Brook Av,40.807566,-73.91924,6,,,,,,,,,,
138th St-3rd Ave,40.810476,-73.926138,6,,,,,,,,,,
138th St-3rd Ave,40.810476,-73.926138,6,,,,,,,,,,
138th St-3rd Ave,40.810476,-73.926138,6,,,,,,,,,,
Mosholu Parkway,40.87975,-73.884655,4,,,,,,,,,,
Mosholu Parkway,40.87975,-73.884655,4,,,,,,,,,,
Yankee Stadium-161st St,40.827994,-73.925831,B ,D,4,,,,,,,,
Yankee Stadium-161st St,40.827994,-73.925831,B ,D,4,,,,,,,,
Yankee Stadium-161st St,40.827994,-73.925831,B ,D,4,,,,,,,,
Yankee Stadium-161st St,40.827994,-73.925831,B ,D,4,,,,,,,,
149th St-Grand Concourse,40.818375,-73.927351,2,4,5,,,,,,,,
149th St-Grand Concourse,40.818375,-73.927351,2,4,5,,,,,,,,
116th St,40.798629,-73.941617,6,,,,,,,,,,
116th St,40.798629,-73.941617,6,,,,,,,,,,
110th St,40.79502,-73.94425,6,,,,,,,,,,
110th St,40.79502,-73.94425,6,,,,,,,,,,
86th St,40.779492,-73.955589,4,5,6,,,,,,,,
86th St,40.779492,-73.955589,4,5,6,,,,,,,,
86th St,40.779492,-73.955589,4,5,6,,,,,,,,
86th St,40.779492,-73.955589,4,5,6,,,,,,,,
77th St,40.77362,-73.959874,6,,,,,,,,,,
77th St,40.77362,-73.959874,6,,,,,,,,,,
77th St,40.77362,-73.959874,6,,,,,,,,,,
77th St,40.77362,-73.959874,6,,,,,,,,,,
59th St,40.762526,-73.967967,N,Q,R,4,5,6,,,,,
59th St,40.762526,-73.967967,N,Q,R,4,5,6,,,,,
59th St,40.762526,-73.967967,N,Q,R,4,5,6,,,,,
59th St,40.762526,-73.967967,N,Q,R,4,5,6,,,,,
59th St,40.762526,-73.967967,N,Q,R,4,5,6,,,,,
51st St,40.757107,-73.97192,E,M,6,,,,,,,,
51st St,40.757107,-73.97192,E,M,6,,,,,,,,
51st St,40.757107,-73.97192,E,M,6,,,,,,,,
51st St,40.757107,-73.97192,E,M,6,,,,,,,,
51st St,40.757107,-73.97192,E,M,6,,,,,,,,
Grand Central-42nd St,40.751776,-73.976848,GS,4,5,6,7,,,,,,
Grand Central-42nd St,40.751776,-73.976848,GS,4,5,6,7,,,,,,
Grand Central-42nd St,40.751776,-73.976848,GS,4,5,6,7,,,,,,
Grand Central-42nd St,40.751776,-73.976848,GS,4,5,6,7,,,,,,
33rd St,40.746081,-73.982076,6,,,,,,,,,,
33rd St,40.746081,-73.982076,6,,,,,,,,,,
33rd St,40.746081,-73.982076,6,,,,,,,,,,
33rd St,40.746081,-73.982076,6,,,,,,,,,,
33rd St,40.746081,-73.982076,6,,,,,,,,,,
33rd St,40.746081,-73.982076,6,,,,,,,,,,
28th St,40.74307,-73.984264,6,,,,,,,,,,
28th St,40.74307,-73.984264,6,,,,,,,,,,
28th St,40.74307,-73.984264,6,,,,,,,,,,
23rd St,40.739864,-73.986599,6,,,,,,,,,,
23rd St,40.739864,-73.986599,6,,,,,,,,,,
23rd St,40.739864,-73.986599,6,,,,,,,,,,
23rd St,40.739864,-73.986599,6,,,,,,,,,,
23rd St,40.739864,-73.986599,6,,,,,,,,,,
23rd St,40.739864,-73.986599,6,,,,,,,,,,
14th St-Union Square,40.734673,-73.989951,L,N,Q,R,4,5,6,,,,
14th St-Union Square,40.734673,-73.989951,L,N,Q,R,4,5,6,,,,
14th St-Union Square,40.734673,-73.989951,L,N,Q,R,4,5,6,,,,
Astor Place,40.730054,-73.99107,6,,,,,,,,,,
Bleecker St,40.725915,-73.994659,B,D,F,M,6,,,,,,
Bleecker St,40.725915,-73.994659,B,D,F,M,6,,,,,,
Spring St,40.722301,-73.997141,6,,,,,,,,,,
Spring St,40.722301,-73.997141,6,,,,,,,,,,
Canal St,40.718803,-74.000193,J,N,Q,R,Z,6,,,,,
Canal St,40.718803,-74.000193,J,N,Q,R,Z,6,,,,,
Brooklyn Bridge-City Hall,40.713065,-74.004131,J,Z,4,5,6,,,,,,
Brooklyn Bridge-City Hall,40.713065,-74.004131,J,Z,4,5,6,,,,,,
Fulton St,40.710368,-74.009509,A,C,J,Z,2,3,4,5,,,
Fulton St,40.710368,-74.009509,A,C,J,Z,2,3,4,5,,,
Wall St,40.707557,-74.011862,4,5,,,,,,,,,
Wall St,40.707557,-74.011862,4,5,,,,,,,,,
Wall St,40.707557,-74.011862,4,5,,,,,,,,,
Wall St,40.707557,-74.011862,4,5,,,,,,,,,
Wall St,40.707557,-74.011862,4,5,,,,,,,,,
Bowling Green,40.704817,-74.014065,4,5,,,,,,,,,
Bowling Green,40.704817,-74.014065,4,5,,,,,,,,,
Bowling Green,40.704817,-74.014065,4,5,,,,,,,,,
Borough Hall,40.692404,-73.990151,R,2,3,4,5,,,,,,
Pelham Parkway,40.857192,-73.867615,2,5,,,,,,,,,
Pelham Parkway,40.857192,-73.867615,2,5,,,,,,,,,
174th St,40.837288,-73.887734,2,5,,,,,,,,,
174th St,40.837288,-73.887734,2,5,,,,,,,,,
Freeman St,40.829993,-73.891865,2,5,,,,,,,,,
Freeman St,40.829993,-73.891865,2,5,,,,,,,,,
Simpson St,40.824073,-73.893064,2,5,,,,,,,,,
Simpson St,40.824073,-73.893064,2,5,,,,,,,,,
Prospect Av,40.819585,-73.90177,2,5,,,,,,,,,
Prospect Av,40.819585,-73.90177,2,5,,,,,,,,,
Prospect Av,40.819585,-73.90177,2,5,,,,,,,,,
149th St-3rd Av,40.816109,-73.917757,2,5,,,,,,,,,
149th St-3rd Av,40.816109,-73.917757,2,5,,,,,,,,,
149th St-3rd Av,40.816109,-73.917757,2,5,,,,,,,,,
149th St-3rd Av,40.816109,-73.917757,2,5,,,,,,,,,
135th St,40.814229,-73.94077,2,3,,,,,,,,,
135th St,40.814229,-73.94077,2,3,,,,,,,,,
125th St,40.807754,-73.945495,2,3,,,,,,,,,
125th St,40.807754,-73.945495,2,3,,,,,,,,,
116th St,40.802098,-73.949625,2,3,,,,,,,,,
116th St,40.802098,-73.949625,2,3,,,,,,,,,
110th St-Central Park North,40.799075,-73.951822,2,3,,,,,,,,,
Broadway-74th St,40.746848,-73.891394,E,F,M,R,7,,,,,,
Bliss St-46th St,40.743132,-73.918435,7,,,,,,,,,,
Bliss St-46th St,40.743132,-73.918435,7,,,,,,,,,,
Rawson St-33rd St,40.744587,-73.930997,7,,,,,,,,,,
Rawson St-33rd St,40.744587,-73.930997,7,,,,,,,,,,
Vernon Blvd-Jackson Av,40.742626,-73.953581,7,,,,,,,,,,
Vernon Blvd-Jackson Av,40.742626,-73.953581,7,,,,,,,,,,
Vernon Blvd-Jackson Av,40.742626,-73.953581,7,,,,,,,,,,
Vernon Blvd-Jackson Av,40.742626,-73.953581,7,,,,,,,,,,
Grand Central-42nd St,40.751431,-73.976041,GS,4,5,6,7,,,,,,
Times Square,40.755983,-73.986229,A,C,E,N,Q,R,GS,1,2,3,7
Grand Central,40.752769,-73.979189,GS,4,5,6,7,,,,,,
Grand Central,40.752769,-73.979189,GS,4,5,6,7,,,,,,
Grand Central,40.752769,-73.979189,GS,4,5,6,7,,,,,,
Grand Central,40.752769,-73.979189,GS,4,5,6,7,,,,,,
Grand Central,40.752769,-73.979189,GS,4,5,6,7,,,,,,
Union Square,40.735736,-73.990568,L,N,Q,R,4,5,6,,,,
8th St,40.730328,-73.992629,N,R,,,,,,,,,
71st St,40.619589,-73.998864,D,,,,,,,,,,
79th St,40.613501,-74.00061,D,,,,,,,,,,
Lorimer St,40.703869,-73.947408,J,M,,,,,,,,,
Lorimer St,40.703869,-73.947408,J,M,,,,,,,,,
Morgan Av,40.706152,-73.933147,L,,,,,,,,,,
Jefferson St,40.706607,-73.922913,L,,,,,,,,,,
Jefferson St,40.706607,-73.922913,L,,,,,,,,,,
DeKalb Av,40.703811,-73.918425,L,,,,,,,,,,
DeKalb Av,40.703811,-73.918425,L,,,,,,,,,,
Halsey St,40.695602,-73.904084,L,,,,,,,,,,
Halsey St,40.695602,-73.904084,L,,,,,,,,,,
50th St,40.762456,-73.985984,C,E,,,,,,,,,
42nd St,40.757308,-73.989735,A,C,E,N,Q,R,S,1,2,3,7
42nd St,40.757308,-73.989735,A,C,E,N,Q,R,S,1,2,3,7
14th St,40.740893,-74.00169,A,C,E,L,,,,,,,
14th St,40.740893,-74.00169,A,C,E,L,,,,,,,
14th St,40.740893,-74.00169,A,C,E,L,,,,,,,
Jay St - Borough Hall,40.692338,-73.987342,A,C,F,R,,,,,,,
Jay St - Borough Hall,40.692338,-73.987342,A,C,F,R,,,,,,,
Fulton St,40.709416,-74.006571,A,C,J,Z,2,3,4,5,,,
Fulton St,40.709416,-74.006571,A,C,J,Z,2,3,4,5,,,
Fulton St,40.709416,-74.006571,A,C,J,Z,2,3,4,5,,,
5th Av,40.753821,-73.981963,B,D,F,M,7,,,,,,
5th Av,40.753821,-73.981963,B,D,F,M,7,,,,,,
Grand Central,40.752769,-73.979189,GS,4,5,6,7,,,,,,
Grand Central,40.752769,-73.979189,GS,4,5,6,7,,,,,,
South Ferry,40.702068,-74.013664,R,1,,,,,,,,,
Av H,40.62927,-73.961639,B,Q,,,,,,,,,
71st St,40.619589,-73.998864,D,,,,,,,,,,
79th St,40.613501,-74.00061,D,,,,,,,,,,
121st St,40.700492,-73.828294,J,Z,,,,,,,,,
Chambers St,40.714111,-74.008585,A,C,E,2,3,,,,,,
Clinton & Washington Avs,40.683263,-73.965838,C,,,,,,,,,,
Rockaway Av,40.67834,-73.911946,A,C,,,,,,,,,
Rockaway Av,40.67834,-73.911946,A,C,,,,,,,,,
167th St,40.833769,-73.918432,B,D,,,,,,,,,
Av I,40.625322,-73.976127,F,,,,,,,,,,
Av U,40.596063,-73.973357,F,,,,,,,,,,
63rd Drive-Rego Park,40.729846,-73.861604,M,R,,,,,,,,,
238th St,40.884667,-73.90087,1,,,,,,,,,,
215th St,40.869444,-73.915279,1,,,,,,,,,,
168th St,40.840556,-73.940133,A,C,1,,,,,,,,
103rd St,40.799446,-73.968379,1,,,,,,,,,,
14th St,40.737826,-74.000201,F,L,M,1,2,3,,,,,
Rector St,40.707513,-74.013783,1,,,,,,,,,,
Newkirk Av,40.639967,-73.948411,2,5,,,,,,,,,
Grand Central-42nd St,40.751776,-73.976848,GS,4,5,6,7,,,,,,
145th St,40.820421,-73.936245,3,,,,,,,,,,
145th St,40.820421,-73.936245,3,,,,,,,,,,
Baychester Av,40.878663,-73.838591,5,,,,,,,,,,
Gun Hill Rd,40.869526,-73.846384,5,,,,,,,,,,
Vernon Blvd-Jackson Av,40.742626,-73.953581,7,,,,,,,,,,
Vernon Blvd-Jackson Av,40.742626,-73.953581,7,,,,,,,,,,
Aqueduct Racetrack,40.672131,-73.835812,A,,,,,,,,,,
Canal St (UL),40.719527,-74.001775,J,N,Q,R,Z,6,,,,,
Canal St (UL),40.719527,-74.001775,J,N,Q,R,Z,6,,,,,
Canal St (UL),40.719527,-74.001775,J,N,Q,R,Z,6,,,,,
Kings Highway,40.60867,-73.957734,B,Q,,,,,,,,,
Broad St,40.706476,-74.011056,J,Z,,,,,,,,,
Broad St,40.706476,-74.011056,J,Z,,,,,,,,,
Broad St,40.706476,-74.011056,J,Z,,,,,,,,,
Broad St,40.706476,-74.011056,J,Z,,,,,,,,,
59th St,40.768296,-73.981736,A,B,C,D,1,,,,,,
34th St,40.752287,-73.993391,A,C,E,,,,,,,,
34th St,40.752287,-73.993391,A,C,E,,,,,,,,
34th St,40.752287,-73.993391,A,C,E,,,,,,,,
34th St,40.752287,-73.993391,A,C,E,,,,,,,,
34th St,40.752287,-73.993391,A,C,E,,,,,,,,
34th St,40.749719,-73.987823,B,D,F,M,N,Q,R,,,,
34th St,40.749719,-73.987823,B,D,F,M,N,Q,R,,,,
Lexington Av-53rd St,40.757552,-73.969055,E,M,6,,,,,,,,
Lexington Av-53rd St,40.757552,-73.969055,E,M,6,,,,,,,,
Lexington Av-53rd St,40.757552,-73.969055,E,M,6,,,,,,,,
96th St,40.793919,-73.972323,1,2,3,,,,,,,,
96th St,40.793919,-73.972323,1,2,3,,,,,,,,
96th St,40.793919,-73.972323,1,2,3,,,,,,,,
96th St,40.793919,-73.972323,1,2,3,,,,,,,,
86th St,40.788644,-73.976218,1,,,,,,,,,,
Times Square,40.75529,-73.987495,A,C,E,N,Q,R,S,1,2,3,7
Times Square,40.75529,-73.987495,A,C,E,N,Q,R,S,1,2,3,7
Times Square,40.75529,-73.987495,A,C,E,N,Q,R,S,1,2,3,7
34th St,40.750373,-73.991057,1,2,3,,,,,,,,
34th St,40.750373,-73.991057,1,2,3,,,,,,,,
34th St,40.750373,-73.991057,1,2,3,,,,,,,,
28th St,40.747215,-73.993365,1,,,,,,,,,,
28th St,40.747215,-73.993365,1,,,,,,,,,,
Grand Central-42nd St,40.751776,-73.976848,GS,4,5,6,7,,,,,,
Grand Central-42nd St,40.751776,-73.976848,GS,4,5,6,7,,,,,,
Grand Central-42nd St,40.751776,-73.976848,GS,4,5,6,7,,,,,,
Eastchester-Dyre Av,40.8883,-73.830834,5,,,,,,,,,,
Baychester Av,40.878663,-73.838591,5,,,,,,,,,,
Gun Hill Rd,40.869526,-73.846384,5,,,,,,,,,,
Pelham Parkway,40.858985,-73.855359,5,,,,,,,,,,
Morris Park,40.854364,-73.860495,5,,,,,,,,,,
Flushing-Main St,40.7596,-73.83003,7,,,,,,,,,,
Flushing-Main St,40.7596,-73.83003,7,,,,,,,,,,
Flushing-Main St,40.7596,-73.83003,7,,,,,,,,,,
Flushing-Main St,40.7596,-73.83003,7,,,,,,,,,,
Flushing-Main St,40.7596,-73.83003,7,,,,,,,,,,
Yankee Stadium-161st St,40.827994,-73.925831,B ,D,4,,,,,,,,
Yankee Stadium-161st St,40.827994,-73.925831,B ,D,4,,,,,,,,
Yankee Stadium-161st St,40.827994,-73.925831,B ,D,4,,,,,,,,
Yankee Stadium-161st St,40.827994,-73.925831,B ,D,4,,,,,,,,
Broadway-Lafayette St,40.725297,-73.996204,B,D,F,M,6,,,,,,
Broadway-Lafayette St,40.725297,-73.996204,B,D,F,M,6,,,,,,
Av I,40.625322,-73.976127,F,,,,,,,,,,
Av U,40.596063,-73.973357,F,,,,,,,,,,
63rd Drive-Rego Park,40.729846,-73.861604,M,R,,,,,,,,,
63rd Drive-Rego Park,40.729846,-73.861604,M,R,,,,,,,,,
63rd Drive-Rego Park,40.729846,-73.861604,M,R,,,,,,,,,
63rd Drive-Rego Park,40.729846,-73.861604,M,R,,,,,,,,,
Jackson Heights-Roosevelt Ave,40.746644,-73.891338,E,F,M,R,7,,,,,,
Jackson Heights-Roosevelt Ave,40.746644,-73.891338,E,F,M,R,7,,,,,,
Jackson Heights-Roosevelt Ave,40.746644,-73.891338,E,F,M,R,7,,,,,,
Long Island City-Court Square,40.746554,-73.943832,G,,,,,,,,,,
Long Island City-Court Square,40.746554,-73.943832,G,,,,,,,,,,
207th St,40.864614,-73.918819,1,,,,,,,,,,
96th St,40.793919,-73.972323,1,2,3,,,,,,,,
72nd St,40.778453,-73.98197,1,2,3,,,,,,,,
59th St-Columbus Circle,40.768247,-73.981929,A,B,C,D,1,,,,,,
59th St-Columbus Circle,40.768247,-73.981929,A,B,C,D,1,,,,,,
Hoyt St,40.690545,-73.985065,2,3,,,,,,,,,
59th St,40.762526,-73.967967,N,Q,R,4,5,6,,,,,
Canal St,40.718803,-74.000193,J,N,Q,R,Z,6,,,,,
Canal St,40.718803,-74.000193,J,N,Q,R,Z,6,,,,,
Canal St,40.718803,-74.000193,J,N,Q,R,Z,6,,,,,
Fulton St,40.710368,-74.009509,A,C,J,Z,2,3,4,5,,,
Fulton St,40.710368,-74.009509,A,C,J,Z,2,3,4,5,,,
Fulton St,40.710368,-74.009509,A,C,J,Z,2,3,4,5,,,